time,text,username,all_hashtages,amount_follwers
2021-09-25 00:09:48,b'@nathaliejacoby1 Boston',b'RWriter27',[],178
2021-09-25 00:09:48,b'Boston - Let Me Take You Home Tonight',b'iradiousa',[],2119
2021-09-25 00:09:48,b'@HiraMehak \xf0\x9f\x98\x82\xf0\x9f\x98\x82\xf0\x9f\x98\x82\xf0\x9f\x98\x82\xf0\x9f\x98\x82 why are u like this',b'boston_finest14',[],2253
2021-09-25 00:09:42,b'@judgesucks99 Boston lives in your head bub.',b'BeanTown_Title',[],262
2021-09-25 00:09:35,"b'Fuck Boston but, those throwback unis are FIRE'",b'Riot_Reynolds',[],571
2021-09-25 00:09:33,b'Wise man told me\xe2\x80\xa6.\xe2\x80\x9dStay outta black women business unless u invested in it\xe2\x80\xa6\xe2\x80\x9d',b'boston_finest14',[],2253
2021-09-25 00:09:30,b'There easier ways to get shot.  https://t.co/5FC5BWEROb',b'ABelfield4',[],1
2021-09-25 00:09:30,b'So which one of the Boston Bruins are coming in to replace Eovaldi?',b'McguirePetrov',[],3020
2021-09-25 00:09:26,b'If it wasn\xe2\x80\x99t gonna rain in boston tomorrow I\xe2\x80\x99d probably go.',b'GolladayInNYG',[],1750
2021-09-25 00:09:20,b'Come On Jays Boston won\xe2\x80\x99t help you New York\xe2\x80\x99s up 3 They\xe2\x80\x99re AFRAID of you It\xe2\x80\x99s up to you to just WIN WIN WIN After all you\xe2\x80\x99re playing The Twins Then you\xe2\x80\x99ll take control of this race\xe2\x80\xa6by putting The Yankees in their place #MLB #BlueJays',b'foureye20137868',"['MLB', 'BlueJays']",0
2021-09-25 00:09:17,b'@Molly_Brook_ Drop kick Murphy\xe2\x80\x99s\xe2\x80\xa6\xe2\x80\xa6 playing in Boston\xe2\x80\xa6\xe2\x80\xa6 ???  No way.',b'irolands1',[],880
2021-09-25 00:09:17,"b'Ah Boston, you absurd metropolis. I used to be disgusted but now I try to be amused.'",b'stephenrodrick',[],6465
2021-09-25 00:09:00,b'NEVER count these Boston A-holes out.  Gotta keep scroring every inning! #yankees',b'Saraskiddy',['yankees'],49
2021-09-25 00:08:58,b'Big weekend for this pair of baseball junkies @abc3340! \xe2\x9a\xbe\xef\xb8\x8f   @spann #Yankees #RedSox #NewYork #Boston #Baseball #MLB https://t.co/Rfmk8EV3Bt',b'StephenQ3340',"['Yankees', 'RedSox', 'NewYork', 'Boston', 'Baseball', 'MLB']",3749
2021-09-25 00:08:57,b'The one time I need a Boston team to win and they decide to take the field in something pastel.',b'strugglingdummy',[],256
2021-09-25 00:08:53,"b""The Yankees chased the Red Sox's most reliable starter for this weekend's series after 2 2/3 innings in game one. That could be a big deal for Boston's pitching situation this weekend, especially with their best reliever on the injured list.""",b'lindseyadler',[],77358
2021-09-25 00:08:52,b'Alice Cooper and Ace Frehley Shock Boston: Photo Gallery #Malliard https://t.co/IuxbCfG8Zq',b'extension13show',['Malliard'],2072
2021-09-25 00:08:52,b'@Amaripop He took Boston to the Playoffs ..\xf0\x9f\xa4\xa8',b'status_culture',[],4082
2021-09-25 00:08:51,b'Still don\xe2\x80\x99t know what Patriots jersey to get\xe2\x80\xa6got to be prepared to go back to Boston for this game',b'Mr__NRG',[],1176
2021-09-25 00:08:50,b'Imagine what war crimes AI powered machines will be able to do in the next 5-10 years.  Boston Dynamics machines flawlessly and soulfully dancing in rhythm.',b'ian_is_uhhhhh',[],254
2021-09-25 00:08:49,b'@Yankees WATCHING THE GAME ON ESPN.  I THOUGHT IT WAS AN EXHIBITION BETWEEN THE YANKEES AND UCLA BASEBALL.  BOSTON IS WEARING GOLD AND BRUIN BLUE',b'mrlp33',[],26
2021-09-25 00:08:46,b'road trip to Boston to see the Yankee game ....',b'meganlynn_3',[],434
2021-09-25 00:08:42,"b'#NOWPLAYING  https://t.co/EK2HuPvDjG Aly K - DOPE! Ft Champ Tha Great       ""THE HOME OF BOSTON HIP HOP""'",b'funkyfresh1',['NOWPLAYING'],3763
2021-09-25 00:08:40,b'Wow just an ugly start from NASTY NATE. Yankees will probably make this game get even uglier. They understood the assignment coming in to Boston and are executing to perfection. I\xe2\x80\x99m sure @Jared_Carrabis and @RyanSch37281885 are tucking their tails in. Cat nip your tounge huh?',b'MikesYanks',[],7
2021-09-25 00:08:38,b'The poor kids of boston\xe2\x80\xa6 wont be eatin free tonight \xe2\x80\x9c just sayin\xe2\x80\x9d sorry! \xf0\x9f\x99\x84 https://t.co/PIEI9hJ9Pe',b'Captivate1988',[],24
2021-09-25 00:08:36,b'This move is a huge move for this series. Boston now has to get the remaining 22 outs of their prn.',b'OwenMohler',[],164
2021-09-25 00:08:25,"b""Great job by the Yanks getting into Boston's bullpen this early. Might be a big factor for the rest of the series.""",b'sambox71',[],341
2021-09-25 00:08:24,b'Why do Boston Red Sox look like UCLA Bruins?!?!? @OfficialMLBRFC @TheEsqofSports @chrisvitali @nyy_cate @kengfunk',b'steelers1288',[],626
2021-09-25 00:08:21,"b'@ColeWright @alannarizzo @RedSox Seconded.  The #RedSox City Connect look like UCLA, not the Boston Marathon!'",b'Andy_Beebe',['RedSox'],218
2021-09-25 00:08:20,b'@Jared_Carrabis I\xe2\x80\x99d prefer that when Boston is winning',b'ptrotti1',[],8
2021-09-25 00:08:09,b'I think the most frustrating thing about Stanton sonning the Red Sox is that I\xe2\x80\x99ve spent the better part of two years defending him while Yankees fans try to take him behind the woodshed and my reward is watching him help NY put up a 6-spot on Boston',b'socia_ball',[],242
2021-09-25 00:08:08,b'Here we go!!! Round 2 of the Boston to Berkeley II Tour. Nashville tonight! https://t.co/dATk6ahBOr',b'801PUNX',[],20471
2021-09-25 00:08:06,"b'BC/BU Softball Score - Final: @BC_Softball 3, @TerrierSoftball 2 in 10 innings. #bc_softball #terriersoftball #bostonathletes #boston #softball #collegesoftball #bostonsports #gobu #buterriers #buathletics #bceagles #forboston #bostoncollege #bostonathletemagazine https://t.co/jZe14ZWcHj'",b'bostonathletema',"['bc_softball', 'terriersoftball', 'bostonathletes', 'boston', 'softball', 'collegesoftball', 'bostonsports', 'gobu', 'buterriers', 'buathletics', 'bceagles', 'forboston', 'bostoncollege', 'bostonathletemagazine']",625
2021-09-25 00:08:05,b'Wow Boston\xe2\x80\x99s new uniforms suck. They\xe2\x80\x99re like little league uniforms',b'EdDee317',[],270
2021-09-25 00:08:02,b'Boston Latin Academy vs Boston Latin High School Football Live 7:00PM Link On @CFCFootball2 Or My Bio',b'FootballUsa16',[],2
2021-09-25 00:08:01,"b""Sorry Boston, but that blue, yellow uniform the Red Sox are wearing is one of the worst things I've seen.""",b'TransitErwin',[],1561
2021-09-25 00:07:59,"b'@DanAlanRourke @Jared_Carrabis it\xe2\x80\x99s pretty big too, big 3 game set and boston is going to have to get 20 outs out of their bullpen in the first game. this gives us a huge advantage over the next two games as well'",b'mikey_2599',[],6
2021-09-25 00:07:59,b'@TypeONescence The mayor of Boston is Republican lol',b'BoxNews11',[],851
2021-09-25 00:07:58,"b""Ah let's see how our old pals the Boston Red Sox are doing tonight. Surely they could do the Jays a favour. https://t.co/fKRQOFlUCL""",b'AlexHoweWPG',[],405
2021-09-25 00:07:57,b'\xe2\x80\xa2\xe2\x80\xa6.oh Boston\xf0\x9f\x98\x82\xe2\x80\xa2',b'NLino_',[],338
2021-09-25 00:07:57,b'Why do the Boston red socks have yellow and blue jerseys?',b'yassabell_',[],112
2021-09-25 00:07:54,b'@BoarIsWar Know the feeling but hang tuff. Good start 2nite over pussox! 20f3 over Boston will work!\xf0\x9f\x91\x8d\xe2\x9a\xbe\xf0\x9f\x91\x8d\xf0\x9f\x98\x83',b'mark_wexler',[],5
2021-09-25 00:07:51,b'Since when do the Boston RedSox wear urine yellow uniforms?',b'JMarieT03',[],1201
2021-09-25 00:07:46,b'LETS FUCKING GO YANKEES! Fuck Boston \xf0\x9f\x91\x8e\xf0\x9f\x8f\xbc\xf0\x9f\x91\x8e\xf0\x9f\x8f\xbc\xf0\x9f\x91\x8e\xf0\x9f\x8f\xbc',b'ShadowmereXO',[],42
2021-09-25 00:07:44,"b""@TaoofStieb If they win the next 3 over Boston and we can win the next 3 over Min, and we keep pace the rest of the season it means face them in TO for the WCG, doesn't it?""",b'maxflyte',[],236
2021-09-25 00:07:42,b'2.2 innings tonight for Evo. Not entirely his fault but Vazquez calling fir the exact opposite of what\xe2\x80\x99s needed at the dish doesnt help either',b'Boston_316',[],357
2021-09-25 00:07:40,b'good night boston. #sunset from #bunkerhill #charlestown @bostonNHP https://t.co/ucFayJRndi https://t.co/5QmPRxyhtq',b'BostonTimelaps1',"['sunset', 'bunkerhill', 'charlestown']",365
2021-09-25 00:07:37,b'This was picture perfect start to the series. Bullpen has to eat up 6 and 1/3. A lead for Cole. Confidence and momentum moving forward despite it being in Boston.   Let\xe2\x80\x99s keep it rolling today. Don\xe2\x80\x99t let up.',b'ChrisMo2413',[],1347
2021-09-25 00:07:34,b'@thedailybeast No seatbelt needed.. https://t.co/HE6Jqn5JDz',b'Boston_Grandpa',[],4438
2021-09-25 00:07:33,b'Does any team have worse uniforms than MLB Boston?',b'JayBennettCoach',[],638
2021-09-25 00:07:31,b'BOSTON sucks BOSTON sucks BOSTON sucks BOSTON sucks BOSTON sucks BOSTON sucks BOSTON sucks BOSTON sucks BOSTON sucks BOSTON sucks BOSTON sucks BOSTON sucks BOSTON sucks BOSTON sucks BOSTON sucks BOSTON sucks BOSTON sucks BOSTON sucks BOSTON sucks BOSTON sucks BOSTON sucks https://t.co/8IQIt8vA9F',b'Alex54712866',[],1
2021-09-25 00:07:30,b'Why is Boston wearing cheap looking UCLA uniforms vs the Yankees? #SquadUp',b'TheFreeMaherket',['SquadUp'],617
2021-09-25 00:07:29,b'Evoldi going not even 2 innings is huge for the rest of the series. Boston\xe2\x80\x99s bullpen is going to be hurting.',b'Andrew_Jr3',[],50
2021-09-25 00:07:27,"b""@OneYearWorld Labs, Redbones, retriever, pug, Boston, rescues, Bassett, ..... they're all best""",b'FreakyHair',[],155
2021-09-25 00:07:24,b'Giancarlo Stanton goes yard to give the Yankees (-120) a 6-0 lead over Boston in the 3rd.    https://t.co/UczK4UBT5W',b'Covers',[],142073
2021-09-25 00:07:08,"b'Then and now: Part II, Now it\xe2\x80\x99s Gabi\xe2\x80\x99s time to live: Transitioning at 60 https://t.co/lAVitpauu1 via @Boston Spirit Magazine'",b'JasonDFlatt',[],2181
2021-09-25 00:07:06,b'Yankees hanging 6 runs (!) on the board and chasing Nathan Eovaldi in the 3rd is quite the start to this massively important series in Boston.',b'JohnChandlerNBC',[],2636
2021-09-25 00:07:03,"b""I will say that Sterling couldn't believe the plate umpire changed the 3-0 strike call on Judge to a ball for a walk. But this was coming. I felt good about it. Now Cole must keep Boston off the board.""",b'DFlex2123',[],686
2021-09-25 00:07:02,b'Yankees up big in Boston. Jays need to take of business and focus on winning these 3 games.',b'BlueJayPhanatic',[],50
2021-09-25 00:06:58,"b'@DPLennon Sox - Yanks, next to last week of the season, fighting for playoff spots\xe2\x80\xa6.and Boston shows up like they\xe2\x80\x99re leading in the mountain stage of the Tour de France.'",b'sawdustcaesar48',[],41
2021-09-25 00:06:57,b'Boston\xe2\x80\x99s jerseys look atrocious much like them. #Yankees',b'MarcNumber7',['Yankees'],60
2021-09-25 00:06:57,b'These blue Boston uniforms are pretty terrible. Woat level',b'Clarkmeister1',[],314
2021-09-25 00:06:52,b'@ABGclips @Notteham @noalmd @DustHansen @HayleyHolme Jason grew up in Boston (middle school &amp; high school). His father actually worked part time for the Celtics and Red Sox organizations so one is quite sure he understands the culture well\xe2\x80\xa6',b'Nietzsche_007',[],247
2021-09-25 00:06:51,"b'Q1, 9:43 - Washington 7, Ft. Zumwalt South 0  Landon Boston 3-yard TD run. Devon Deckelman PAT.'",b'husteadsports',[],981
2021-09-25 00:06:47,"b""@freckle_red Yeah I am going through a lot of his interviews and pulling his op-ed's from Boston Globe. I am working on making summaries of the People's History Chapters but decided to expand that.""",b'LumpyLouish',[],11481
2021-09-25 00:06:46,b'@MLB @Giancarlo818 These cowards in boston chanting \xe2\x80\x9cYankees suck\xe2\x80\x9d when they\xe2\x80\x99re down 6-0 LMAOOO what a pathetic fanbase',b'JudgesTorres',[],282
2021-09-25 00:06:46,b'Boston w/ the 2 yd TD! Deckelman w/ the PAT!  Jays up 7-0 w/ 9:43 left to play in the 1st Qtr.',b'WHSBlueJays',[],3995
2021-09-25 00:06:40,b'my fianc\xc3\xa9e: \xe2\x80\x9ci\xe2\x80\x99ve never been to boston\xe2\x80\x9d   me: \xe2\x80\x9cstick with me and you never will\xe2\x80\x9d \xf0\x9f\x98\xac\xf0\x9f\x98\xac',b'chippedfrnteeth',[],1349
2021-09-25 00:06:39,b'Yankees bury these Boston Cockbreath bastards\xe2\x80\xbc\xef\xb8\x8f #squadup https://t.co/WjXRdce0uP',b'kingkvssxe',['squadup'],825
2021-09-25 00:06:36,b'@TROYORTIZ3 Hahaha see you in Boston wildcard weekend',b'NICKeLLOYDeon',[],687
2021-09-25 00:06:36,b'Visiting Boston with my family. How many times do you think I can ask them if they like apples before they disown me?',b'__randers__',[],317
2021-09-25 00:06:26,"b'they killing Eovaldi out there, and I love it cuz fuck Boston'",b'AMENProducer',[],2373
2021-09-25 00:06:26,b'@416_Perp Boston',b'ScottTerrioHMA',[],6309
2021-09-25 00:06:16,b'Boston out there looking like UCLA. And getting rolled.',b'MsPlayoffHope',[],936
2021-09-25 00:06:16,b'@byJulianMack Idk how Boston fans put themselves through so much pain\xe2\x80\xa6',b'LawrenceBruce84',[],3
2021-09-25 00:06:13,"b'@DanielKayHertz @neipate96 I kind of understand this; I think a lot of people associate Boston with oldness and NYC with skyscrapers, even though most buildings in NYC are also really old.'",b'newdougman',[],1200
2021-09-25 00:06:06,"b'Welp, #RedSox suck again. Switching back to #LaverCup. Thankfully there\xe2\x80\x99s something else going on in Boston I can watch and actually enjoy myself. Now just need Rublev/Schwartzman to go o19.5 games. \xf0\x9f\x99\x82\xf0\x9f\x99\x8f'",b'chrisberez',"['RedSox', 'LaverCup']",405
2021-09-25 00:06:01,b'@MLB @Giancarlo818 We run Boston',b'ningenito97',[],416
2021-09-25 00:06:01,b'@everything_sox When Betts was traded I made a joke that Boston chose Eovaldi over him and that was really really dumb.  For some reason people were calling me out for being wrong about that last week.',b'caseyboguslaw',[],3612
2021-09-25 00:05:59,"b""@MLB @Giancarlo818 Boston Red Sox Ring History \xf0\x9f\x98\xad 1903,1912,1915,1916,1918: black players weren't allowed, doesnt count 2004: took too long to win, doesn't count \xf0\x9f\x92\xaf 2007: no competition + celtics superteam \xe2\x98\x98\xef\xb8\x8f 2013: st louis has no fans, doesnt count \xf0\x9f\x92\x80\xf0\x9f\x92\x80 2018: cheaters + bended over for astros \xf0\x9f\x97\x91""",b'bitchlessephi',[],74
2021-09-25 00:05:56,"b""With the Yankees pounding Boston, the Jays need to win tonight. Don't want to fall 2 back with only 8 left to play.#bluejays""",b'Adven41',['bluejays'],2
2021-09-25 00:05:55,b'I feel bad for those kids in Boston',b'the_standings',[],172
2021-09-25 00:05:54,b'@rcooley123 They are a tribute the people who died during the Boston Marathon bombing.  There is a damn good reason for them.  And honestly\xe2\x80\xa6because of that\xe2\x80\xa6they are my favorite of the City Connect unis.',b'DoubleMCards',[],797
2021-09-25 00:05:52,b'Protesters gather in Boston to oppose treatment of Haitians at the border  https://t.co/A4cPjS5Tct',b'MSNLocalBoston',[],36
2021-09-25 00:05:45,"b'\xf0\x9f\xa4\xa5: The overall mood of riders improved in the last hour. Analyzed 3 tweets, with 72.97% feeling Sarcastic. #Boston #MBTA #MBTAMOOD'",b'mbta_mood',"['Boston', 'MBTA', 'MBTAMOOD']",982
2021-09-25 00:05:39,b'@RyanGarciaESM is currently having the time of his life and the Yankees are destroying Boston. This might be the best day ever',b'Wed3ni',[],565
2021-09-25 00:05:35,b'@notKoze City flag/Boston Marathon colors',b'ZachOnTheRun',[],29
2021-09-25 00:05:23,b'@MicheleMyBell71 @sassyblondie1 @DeFrancKdefranc @johnnybruin @SteveJMacE @loveshockey20 @BruinsBreakdown @BruinsSandi Seattle plays in Boston 2-1-22 and Boston plays in Seattle 2-24',b'PGar58',[],2507
2021-09-25 00:05:19,b'Mizzou travels to Boston College to faceoff in one of the most talked about games of the week.   @andybackstrom previews the match up:   https://t.co/H9tp2AIbWV',b'Rivals',[],254614
2021-09-25 00:05:18,b'Boston is definitely getting bounced in the WC game if they get there. No doubt about it. #MLB',b'BKG_92',['MLB'],347
2021-09-25 00:05:05,"b""@Softly_Sarah Boston I love that Museum I can't wait to visit again.""",b'LuluJaynePaige',[],10496
2021-09-25 00:05:04,"b""Boston Teachers Union 'Very Happy' With CDC Move Letting Educators Get COVID-19 Boosters https://t.co/GAsOwY9qH3 via @WBUR""",b'beth_kontos',[],2243
2021-09-25 00:05:01,b'Tonight\xe2\x80\x99s mood thanks to the Boston Red Sox: https://t.co/O77hXteO5j',b'OffSeids',[],5375
2021-09-25 00:05:00,b'#Yankees up 6-0 over the Boston Piss Sox\xe2\x80\xa6 yellow sox\xe2\x80\xa6 whatever.',b'THE_Bob_SHOW',['Yankees'],82
2021-09-25 00:04:57,b'Just landed and saw @Yankees killing Boston let\xe2\x80\x99s set the mood drinks on me.',b'True2Jaysvision',[],364
2021-09-25 00:04:54,b'@NickFoligno @NHLBruins @RedSox Buffalo boy in Boston! Say hi to the Buffalo owner! Safe and healthy season Nick',b'scottop5dogs',[],144
2021-09-25 00:04:54,b'This fucking ump dude GIVE ME THAT you just called it for them',b'Boston_316',[],357
2021-09-25 00:04:51,b'Boston https://t.co/iuP5cRweJ7',b'sciluan_',[],796
2021-09-25 00:04:45,b'When did iglesias made it to Boston \xf0\x9f\x91\x80 lol',b'Soto_Nica',[],254
2021-09-25 00:04:40,b'@short_porch SWEEPING BOSTON 2-1 with Toronto and Sweep Tampa. Cole vs Sale coming soon in the BRONX\xf0\x9f\x99\x8f',b'BigSous25',[],518
2021-09-25 00:04:37,b'@Yankees What\xe2\x80\x99s that uniform from Boston Red Sox \xf0\x9f\xa4\x94\xf0\x9f\xa4\x94',b'VanTokiRan',[],1130
2021-09-25 00:04:34,b'@Boston_Married @KetanJ0 @Rob_Stott I m handsumism',b'Him49729974',[],35
2021-09-25 00:04:34,"b'Beacon Hill Lovely 2 Beds 1 Bath -Located On Charles St In Boston Boston - $2,850: SPACIOUS BEDROOMS AMPLE CLOSETS CLOSE TO PUBLIC TRANSPORTATIION UPDATED KITCHEN AND BATHROOM LOTS OF NATURAL LIGHTING DONT WAIT CALL NOOW TO SCHEDULE YOUR SHOWING!! https://t.co/sXUOcFMY1M https://t.co/8LZcJQsIMa'",b'beaconhillpads',[],702
2021-09-25 00:04:30,b'Being home is so weird dude my dad is driving me to a party in Boston rn \xf0\x9f\x98\x82',b'cicuska_',[],163
2021-09-25 00:04:27,"b'My New York #Yankees giving Boston Red Sox ""That Work"" right now. Top of 3rd, Yankees 6 (after a Stanton Smash 3run Homer) Red Sox 0. #NYYvsBOS #NYY #SquadUp #MLB'",b'Cheavor',"['Yankees', 'NYYvsBOS', 'NYY', 'SquadUp', 'MLB']",1202
2021-09-25 00:04:23,b'@nando_medina_ @shrimpy1400 \xe2\x80\x9cMy proudest accomplishment is raising 3 Boston fans in the heart of NYC.\xe2\x80\x9d - @JSilverman22',b'davidesilverman',[],919
2021-09-25 00:04:23,"b'Boston College High vs Marshfield | Massachusetts High School Football Live stream Go Watch Live Here\xe2\x9e\xa1\xef\xb8\x8f@Leniamillia The Marshfield (MA) varsity football team has a home non-conference game vs. Boston College High (Boston, MA) today @ 7p.'",b'Leniamillia',[],3
2021-09-25 00:04:22,"b""@Mister_SilenceN Yup I'm really glad to hear that. I would have checked in but I haven't been on Twitter much. Really happy you made it through. Stay safe my friend, and greetings from Boston""",b'retrogameoldman',[],366
2021-09-25 00:04:21,b'@Mellecon @OneYearWorld My dad and his rotten Boston who always looks grumpy even when she\xe2\x80\x99s happy \xf0\x9f\x98\x82 https://t.co/LtOKtWs69A',b'sjacobs1791',[],205
2021-09-25 00:04:21,b'The Yankees are having a Tea Party in Boston. https://t.co/nRUkBYyQBW',b'djlarocka',[],1065
2021-09-25 00:04:13,"b'When I left for work this morning my family was in Queens with no plans to come to Boston. I come home and they\xe2\x80\x99re all here, &amp; dinner was served. How are they here when I had plans to go to them. \xf0\x9f\x98\xad'",b'FulanaDelBae',[],620
2021-09-25 00:04:03,"b'Timely article that explains exactly why I\xe2\x80\x99m volunteering as a mentor for @thevalpro, helping first generation college students coming out of Boston public schools. https://t.co/CxxInQWvvF https://t.co/XaygWyTwKJ'",b'AllostEricSite',[],1163
2021-09-25 00:04:02,"b'A good sign for #Rays fans, as New York leads Boston now 6-0.  A #Rays win and Boston loss would get Tampa Bay to the precipice of a second straight division title. #Rays'",b'stevecarney',"['Rays', 'Rays', 'Rays']",7725
2021-09-25 00:03:59,"b'@aredridel @WelcomeToDot @Short_epics Just FYI the profit margin for most development in Boston is ~10% (sometimes much lower). A few high profile projects (esp. in the Seaport) have had much higher margins, but they are by no means the norm.'",b'eherot',[],760
2021-09-25 00:03:58,b'The person who chose those Boston Red Sox uniforms has likely suffered a catastrophic head injury',b'apierno',[],3449
2021-09-25 00:03:54,b'@GinaMuscato This series reminds me of 78 when we swept Boston four game series and won the pennent and w.s',b'wil82166792',[],36
2021-09-25 00:03:52,"b'By the way, wtf is going on with Boston\xe2\x80\x99s jerseys??'",b'UConnSean',[],269
2021-09-25 00:03:52,b'FUCK BOSTON AND FUCK THE RED SOX!!! Fuckin remember being in elementary school watching the rivalry against the Red Sox when it was ortiz youkillis or however u spell that crazy lookin Mf name and dustin pedroia',b'zilinski212',[],2740
2021-09-25 00:03:46,"b'@iopish @Artie_boston Complaining won\xe2\x80\x99t make them fix the game quickly. And Im sorry, if a video game has the power to \xe2\x80\x9cruin\xe2\x80\x9d your day, then you should probably reconsider your priorities.'",b'MightyOrdd',[],6
2021-09-25 00:03:41,b'Boston play the Yankees sounds like it\xe2\x80\x99s gonna be a 5 hr game',b'steelsoxyJ78',[],74
2021-09-25 00:03:38,"b'Learn how Boston Ballet mistress Larissa Ponomarenko coaches her dancers towards strength, coordination and artistry in the use of their arms.  https://t.co/hlGA1dvex4'",b'pointe_magazine',[],60875
2021-09-25 00:03:32,b'Ugly ass yellow jerseys. Foh Boston LMFAO',b'Zaaayy_',[],1204
2021-09-25 00:03:32,b'@MakiItohSimp142 what is Boston homaging with those uniform colors?',b'WriterComicNYer',[],822
2021-09-25 00:03:28,b'The entire city of Boston getting ready to scream racial slurs at the Yankee players https://t.co/HB9rMGTyB7',b'ChrisFIexen',[],306
2021-09-25 00:03:15,"b'#NOWPLAYING  https://t.co/EK2HuPNeIg 8zipp - 8zipp - Zipp Talkin       ""THE HOME OF BOSTON HIP HOP""'",b'funkyfresh1',['NOWPLAYING'],3763
2021-09-25 00:03:12,"b""I checked in at Bova's Bakery on #Yelp https://t.co/2wKAvWAIum""",b'romanovb836',['Yelp'],282
2021-09-25 00:03:12,"b'Louisville holds the edge in possession but Boston College is defending well on the road  24\xe2\x80\x99 | BC 0, UL 0'",b'BC_MSoccer',[],3427
2021-09-25 00:03:10,b'Mizzou at Boston College: Five things to watch https://t.co/a3UT6YhkRz',b'STL_SportsNews',[],6693
2021-09-25 00:03:09,"b""South End 1 Bed 1 Bath BOSTON Boston - $2,600: Video tour available! https://t.co/KuTIHNoAhG Spacious 1 bed 1 bath in Boston's South End Conveniently located on Mass Ave Unit features: TONS of natural\xe2\x80\xa6 https://t.co/pqKhFmb431 #southendapartments #apartmentsforrentinsouthend https://t.co/HWXRCCn6zJ""",b'southendpads',"['southendapartments', 'apartmentsforrentinsouthend']",967
2021-09-25 00:03:08,"b""@Shockmain Yes. BUFFALO TOM. Old Boston area band from the 1980's.""",b'bp_three',[],798
2021-09-25 00:03:04,"b'Knicks, Toronto, Lakers, Boston, GSW, Dallas e Magic https://t.co/aHr7vhq7lY'",b'sciluan_',[],796
2021-09-25 00:03:03,"b'@drhoops63 @TSMrgoham11 @celtics I couldn\xe2\x80\x99t agree more. Having Al back I think will be great for Rob, and was such a good vet in his last time at Boston'",b'ShastorTS',[],511
2021-09-25 00:03:03,b'@JohnnyD_cm @_hiddenagenda @LogicalReterg @JoeEason1 @Michael98410246 @doctorbuttons @boston_hoax @MaidelK @SurferCosmic @try_thinking @earthisaglobe @PTroubleshooter @LulPepega @edempsey107 @pauledevans @shopatten @KayeTatton @1w1lld3bunky0u @FlatEarthD @AiNaTow @MarroniDean @VeritatisetLum1 @Nack__Jicholson @Freak0nIine @aurora_mari_ @watermole6 @Wandaspangler2 @philennogiets @PrismPrime @DennisWhalebone @GPeepo @TheViking_North @chielsin2 @Judah_Slave @NoLongerThatGuy @stephanus_56405 @Amos89862803 @BleedingCrysta1 @RandyNorthrup2 @ChickenQuantum @Glad2bAtheist @sdaws5MUFC @sgtrolls3 @expoztruth @BabyDexy99 @veerhans5 @GavinVS44 @SkyDog_59 @CjMorow I think @CavemanOoga would take exception to this.',b'GordonSBrooks',[],432
2021-09-25 00:03:01,b'Yeah baby. The #Yankees came to Boston with all business. Giancarlo Stanton hits a 3 run bomb to give the Yanks a commanding 6-0 lead in the 3rd inning. https://t.co/NPI9xkkdtJ',b'emarin671',['Yankees'],2482
2021-09-25 00:02:57,b'Boston Red Sox or @TheSavBananas? Uniform infringement or ultimate form of flattery? https://t.co/mjs0RY8kVv',b'AnthonyDasher1',[],26015
2021-09-25 00:02:56,"b'@SolNataMD @EvilRedneckBob @JAJuvelisPhD @RichMcGowanMD @DrJoeQJarvis @DrLearnALot Sure, look at Paul Farmer. Half the year he works as an infectious disease specialist at the Brigham in Boston. Other half of the year he works for free in Haiti, Cuba and Russia.'",b'theoceanlawyers',[],6670
2021-09-25 00:02:54,"b""Can I say Boston's yellow duds are ugly af? I'm saying it.""",b'BaalShemDov',[],73
2021-09-25 00:02:51,"b'Eat shit, Boston. https://t.co/QUQl9cYE2f'",b'THATJoshKail',[],604
2021-09-25 00:02:50,b'Those hideous unis for the  Red Sox are the least Boston I can think of. @bostonredsox @TheFrankIsola',b'StevenAppelbau2',[],18
2021-09-25 00:02:48,b'The Evil Empire has UNLEASHED in Boston #SquadUp #EvilEmpire #GoYankees https://t.co/5s1kP7W48I',b'TaylorBizzarro',"['SquadUp', 'EvilEmpire', 'GoYankees']",161
2021-09-25 00:02:45,b'@IronTipo Yankees vs Boston \xe2\x9a\xbe\xef\xb8\x8f',b'kamishel',[],2714
2021-09-25 00:02:45,b'@ashleyfox_nyy Boston Marathon colors. They have special meaning to the city of Boston.',b'EastRiverHeron',[],426
2021-09-25 00:02:41,"b""Now Playing : Enposib ft. Roody Roodboy (10-10-18') Boston - Down Down -#KonpaMizikRocks #BalKonpaLive24Sou24""",b'KonpaMizik',"['KonpaMizikRocks', 'BalKonpaLive24Sou24']",628
2021-09-25 00:02:39,b'Beating Boston in Fenway is always nice',b'MiraaAnt_',[],758
2021-09-25 00:02:39,b'There was just some guy in Boston gear waving around for the cameras with a smile on his face after Stanton likely sealed the game with a bomb that landed in front of him.  WTS.',b'RarefiedLevin',[],288
2021-09-25 00:02:39,"b'Boston Red Sox send Jarren Duran back to WooSox, cut two pitchers (including Yacksel R\xc3\xados) in flurry of roste - https://t.co/YD97NbDDbl https://t.co/QM6Xrov8Bs'",b'NewsfeedsMedia',[],213
2021-09-25 00:02:37,"b'FINAL:  Boston College 0\xef\xb8\x8f\xe2\x83\xa3-3\xef\xb8\x8f\xe2\x83\xa3 @DukeVB  Duke (10-2. 1-0 ACC) knocks out Boston College (11-5, 1-1) in straight sets 25-14, 25-20, 25-20!  Rylie Kadel led with 11 kills, including the match winner, on .500 hitting. \xf0\x9f\x94\xa5\xf0\x9f\x94\xa5  Duke outhit BC .289-.029.'",b'ACCVBTalk',[],118
2021-09-25 00:02:36,b'@Yankees Good grief its the Boston Canaries.',b'iamzgumbo',[],95
2021-09-25 00:02:28,b'YO WHERE AM I BOSTON IS SO BIZARRE',b'kittttymae',[],608
2021-09-25 00:02:25,b'@KelvinM2364 the tying run comes up for boston but the yanks win',b'PlayoffTanaka_',[],8762
2021-09-25 00:02:25,b'Through good &amp; bad baby!!! Let\xe2\x80\x99s Go Yanks!!!! F%#* Boston! https://t.co/St2QzGx1pW',b'cj_jersey',[],111
2021-09-25 00:02:18,"b'@LaverCup Match 3 about to start - 8pm Boston time, 1 am London.'",b'RensSportsBlog',[],7
2021-09-25 00:02:18,"b'Back and forth we go: @DHSCatsFootball reclaims the lead 14-13. Boston got the corner, and it was goodbye with his speed, a 26-yd TD rush'",b'randerson_ryan',[],339
2021-09-25 00:02:15,b'Cora has no choice but to leave him in. This Blooooooooooows',b'Boston_316',[],357
2021-09-25 00:02:15,"b'Halftime: Latin Academy 26, Boston Latin 8'",b'BLS_Athletics',[],1978
2021-09-25 00:02:13,b'LETS FUCKING GOOOOOOO!!! #SquadUp FUCK BOSTON!!!!! https://t.co/Z6iMbr5V6b',b'KidFromRaleigh',['SquadUp'],488
2021-09-25 00:02:10,b'Mizzou at Boston College: Five things to watch https://t.co/dH8WvQhvkE',b'UMizzouNews',[],1624
2021-09-25 00:02:09,"b'""Honestly, I thought he was a great role model to have personally."" - @jkbmyrs5, @Patriots on @Edelman11. #JakobiMeyers #JulianEdelman #nepatriots #nepats #patriots #bostonathletes #boston #foxboro #newengland #bostonsports #football #NFL #ForeverNE #gopats #bostonathletemagazine'",b'bostonathletema',"['JakobiMeyers', 'JulianEdelman', 'nepatriots', 'nepats', 'patriots', 'bostonathletes', 'boston', 'foxboro', 'newengland', 'bostonsports', 'football', 'NFL', 'ForeverNE', 'gopats', 'bostonathletemagazine']",624
2021-09-25 00:02:08,b'STRONG ENERGIES around Boston and Canada Border....\xf0\x9f\x98\xac\xf0\x9f\x98\xac\xf0\x9f\x98\xb3 and I believe my psychic. F.F. ? No dates...\xf0\x9f\xa4\x94',b'NinoFab20',[],1376
2021-09-25 00:02:01,b'Boston can Smd https://t.co/YBKJek5mii',b'asvpthomas_',[],163
2021-09-25 00:02:00,"b'The new ordinance applies to about 3,500 commercial and residential buildings, or about 4% of structures in the city, according to city officials. They account for 60% of Boston\xe2\x80\x99s building emissions. https://t.co/thzmTmYk4i'",b'WBUR',[],91079
2021-09-25 00:02:00,"b""Listen to Garth Brooks Radio from @audacy https://t.co/gRtICD3vFv via @audacy   NOW TO GARTH BROOKS RADIO VIA  AUDACY L-I-V-E HOOK-UP FROM  RON ANTHONY'S BOSTON TWITTER!  JUST 'CLICK' ABOVE WORDS  GARTHBROOKSRADIO/LISTEN !""",b'ronanthonyone',[],505
2021-09-25 00:02:00,"b'Right Now on NightSide - Boston &amp; Revere at War over ""Mass &amp; Cass"" ! - LATER - A Fed Judge in FLA oversteps in a #Sanctuary City case ! @ 9 - Ex-Sen @Scott Brown &amp; James Montgomery ""rockin"" for Homeless Vets ! @ 10 - WBZ 1030 AM - Boston - 617-254-1030 or 617-931-1030'",b'WBZNightside',['Sanctuary'],9408
2021-09-25 00:01:59,b'boston i need you to win tonight \xf0\x9f\x98\xad',b'itslindseeey',[],6351
2021-09-25 00:01:59,"b""@HerHealthySelf @kevinkresse @Boston Don't the police want to obey the law?  Or, do they believe the a vaccine mandate is not legal?   Or, do they believe that a mask IS freedom?  If they believe that, I worry about freedom and democracy in America.""",b'hobbitmuse',[],60
2021-09-25 00:01:58,"b'Solar-powered brewery, wood-fired pizza, and food books at 7th Wave Brewing, Medfield, MA. \xf0\x9f\x8d\xba: White Cap, Dump Run, Il Pirata, Summer Ale. @7thwavebrewing #boston #mabeer #craftbeer #woodfiredpizza #beerflight #neopolitanpizza #medfieldma #supportlocal #drinklocal #7thwavebrewing https://t.co/3pNr5YfqG9'",b'erwinchuk',"['boston', 'mabeer', 'craftbeer', 'woodfiredpizza', 'beerflight', 'neopolitanpizza', 'medfieldma', 'supportlocal', 'drinklocal', '7thwavebrewing']",1092
2021-09-25 00:01:58,b'@TalkinYanks EMBARRASSING BOSTON IN FENWAY\xe2\x80\xa6 LETS GOOOO YANKEES. ENJOY STANTON',b'ItsGianni99',[],42
2021-09-25 00:01:57,b'The umps in Boston love the Yankees. The ump just pump faked judge with a strike but gave him the walk.',b'bigmurph__',[],7
2021-09-25 00:01:56,b'It\xe2\x80\x99s a hit parade early in Boston! \xf0\x9f\x94\xa5\xf0\x9f\x98\x81 https://t.co/9puCy3FRpi',b'pinchepeanut_',[],225
2021-09-25 00:01:55,b'@Mellecon @OneYearWorld We have our second Boston.  They have so much personality!  Love them.',b'CrewHopes',[],666
2021-09-25 00:01:52,b'Whose bringing the heat on the mic for this one? @drewface_ is representing Toronto. @TheDoctorIsInn bringing the Boston heat. This is going to be a hell of a showdown.',b'surmy_',[],615
2021-09-25 00:01:51,b'Real quiet Boston fans in the stadium and social media\xf0\x9f\x98\xb6',b'richie_ball24',[],462
2021-09-25 00:01:51,b'@JoeyAngus11 Yea lol\xe2\x80\xa6 there\xe2\x80\x99s still too much game left to give up but taking a break from this game for a minute sounds good to me',b'JJ_Boston_',[],1680
2021-09-25 00:01:46,b'Please tell me this means Boston won\xe2\x80\x99t have to wear those god awful city connect jerseys anymore now.',b'tinajero_rigo',[],34
2021-09-25 00:01:45,b'POUR IT ON! 6-0 YANKS AFTER STANTON PUTS ONE IN THE BOSTON BULLPEN! #LunchBreakYanks https://t.co/3awxAQi4jT',b'LunchBreakBB',['LunchBreakYanks'],168
2021-09-25 00:01:43,b'@DrSandman11 @MarkELindsay It honors the Boston Marathon',b'Dewdropfairy2',[],280
2021-09-25 00:01:39,"b'At the end of the first half, Boston Latin Academy leads Boston Latin School 26-8 @GlobeSchools'",b'ethanmmcdowell',[],1169
2021-09-25 00:01:37,b'OH YEAAA!!! YANKEES!! 6-0 over Boston that\xe2\x80\x99s what I\xe2\x80\x99m talking about!',b'MazzoGregory',[],73
2021-09-25 00:01:36,b'@asbarra1997 Sorry King. Sam Adams Winter Lager introduced me to craft beer. Boston Beer Company has a special place in my heart',b'GhostMcHistory',[],931
2021-09-25 00:01:35,b'Fuck Boston !!!!',b'lamchopz168',[],628
2021-09-25 00:01:35,b'@Jared_Carrabis Post Boston',b'_TheBullpen',[],12
2021-09-25 00:01:34,b'Don\xe2\x80\x99t let Boston Eric see this @FiveATB \xf0\x9f\x98\x82 https://t.co/5nv16OkhAT',b'NolesAndPhins',[],1707
2021-09-25 00:01:32,b'Daytime Loop for 09.24.2021 - 13 hours - NorthEast GeoColor - 07:00AM EDT - 8:00PM EDT -  #wx #satellite #GOESEast #philly #nyc #dc #boston #space https://t.co/J9T11DEDCG',b'Satellite_NE',"['wx', 'satellite', 'GOESEast', 'philly', 'nyc', 'dc', 'boston', 'space']",486
2021-09-25 00:01:31,"b'@stschrader1 @SWGoldman @nils_gilman @immerwahr and for even more see: the entire 80\xe2\x80\x99s boston hardcore scene, including the guy from Thrasher and excluding the Proletariat, obvs.'",b'SSRITILLIDIE',[],791
2021-09-25 00:01:27,b'@stealthygeek They are based on the colors of the Boston Marathon finish line.',b'CoprophagousR',[],88
2021-09-25 00:01:27,b'I hope the Red Sox leave these awful Boston Marathon jerseys in 2021.',b'SeanofNothing',[],394
2021-09-25 00:01:26,"b""@Yankees Boston Red Sox Ring History \xf0\x9f\x98\xad 1903,1912,1915,1916,1918: black players weren't allowed, doesnt count 2004: took too long to win, doesn't count \xf0\x9f\x92\xaf 2007: no competition + celtics superteam \xe2\x98\x98\xef\xb8\x8f 2013: st louis has no fans, doesnt count \xf0\x9f\x92\x80\xf0\x9f\x92\x80 2018: cheaters + bended over for astros \xf0\x9f\x97\x91""",b'bitchlessephi',[],74
2021-09-25 00:01:25,b'Smh Boston \xf0\x9f\x98\xad\xf0\x9f\x98\xad',b'JahDopey_28',[],700
2021-09-25 00:01:23,b'Bad news early for #Bluejays as #Yankees have a 6-0 lead in Boston in the third.',b'ByMHarrington',"['Bluejays', 'Yankees']",29038
2021-09-25 00:01:23,b'BLOW IT THE FUCK OPEN. FUCK BOSTON.',b'judgesucks99',[],316
2021-09-25 00:01:18,"b'@mchooyah Thank You for standing up Sir. I would like to have some beers together , if your around Boston someday.'",b'kennystark123',[],147
2021-09-25 00:01:18,b'Check out this listing I just added to my #Poshmark closet: - Forecaster Boston Black 70 percent Pure Wo\xe2\x80\xa6. https://t.co/I7OyLGJvMh #shopmycloset @poshmarkapp',b'zahra70376752',"['Poshmark', 'shopmycloset']",234
2021-09-25 00:01:16,"b""NY Yankees lead Boston 6-0 in the top of the 3rd @CleiTiger @HugoCotes here's the scoreboard""",b'bluetwin',[],738
2021-09-25 00:01:14,b'@nikki_skywalker Boston Marathon inspired uniforms.  Been wearing them during the winning streak.',b'dnoonan222',[],372
2021-09-25 00:01:13,"b'Why do people argue about their pizza from their state being the best? I mean pizza\xe2\x80\x99s good, I enjoy it. But I\xe2\x80\x99m never gonna be like GOD I LOVE GREEK STYLE PIZZA COME TO BOSTON WE HAVE GREAT PIZZA GO SOX'",b'Curt_Mai',[],130
2021-09-25 00:01:11,b'Giancarlo Stanton is the strongest man alive and also the Boston Red Sox are horrid hahahahahaha',b'mmcmahon_11',[],52
2021-09-25 00:01:11,b'EAT IT UP BOSTON',b'lordmanito',[],242
2021-09-25 00:01:11,b'Astarte Fluvial offers #Bondassage sessions in both #FortLauderdale and #Boston. #SensoryDeprivation #massage https://t.co/fcTIUMCZVE https://t.co/WJr6aPhqVB',b'BondassageAust',"['Bondassage', 'FortLauderdale', 'Boston', 'SensoryDeprivation', 'massage']",1391
2021-09-25 00:01:06,"b'@Revelation2041 @NULOOKREFINISH @HighImpactFlix Richie from Boston yes!  HIF, meh.'",b'JoyPeac74176377',[],2859
2021-09-25 00:01:06,b'@SmittyOnMLB Is Boston in a big trouble now?',b'LiamRan',[],263
2021-09-25 00:01:05,b'soooooo @Jared_Carrabis now we know whos going to be the pitcher for that WC game for boston',b'orisawesome',[],636
2021-09-25 00:01:05,b'@Yankees we\xe2\x80\x99re hungry feed us more. Unlike those poor kids in Boston',b'xstxfxnny',[],69
2021-09-25 00:01:03,b'Boston Red Sox blue &amp; yellow uniform: America is finished',b'kidneyprob',[],56
2021-09-25 00:01:03,"b'I\'ll be going grunge all day. ""30 years ago today Nirvana released \'Nevermind."" https://t.co/gENDT15NkH #nirvana #urbanfantasy https://t.co/aEezMv15gK'",b'PdallevaAuthor',"['nirvana', 'urbanfantasy']",2492
2021-09-25 00:00:58,b'@Bastards_Boston hey guys not exactly giving the boys good luck here.   Should\xe2\x80\x99ve worn your yellow shirts\xe2\x80\xa6. \xf0\x9f\x98\xa1',b'janredsoxkelly',[],15
2021-09-25 00:00:57,b'FUCK BOSTON ! https://t.co/q4tpTIuGlt',b'Justin_Jets',[],792
2021-09-25 00:00:53,b'Pete Zamora connects with Jimmar Boston for a Rams 70 yard touchdown  Late 1Q TL Hanna 3 Westside 14',b'KamMWalker',[],756
2021-09-25 00:00:52,b'Am I a Boston Red Sox fan?Absolutely not! Do I want them to win every game this weekend? ABSOLUTELY! GO SOX GO! @BlueJays \xc4\xba',b'MoniqueLackey',[],404
2021-09-25 00:00:52,b'Goodnight Boston',b'iDontTrolI',[],771
2021-09-25 00:00:49,b'@Nickyb_04 The Yankees are having a Tea Party in Boston.',b'djlarocka',[],1065
2021-09-25 00:00:49,"b'@nathaliejacoby1 For visits: Vieste, Italy For Learning: Boston, USA For the atmosphere: Paris, Fr; Aalborg, Dk; Munich, De'",b'adin',[],1076
2021-09-25 00:00:46,"b'BIg fan of the Boston Marathon, but I\xe2\x80\x99m really struggling in my effort to appreciate these yellow  uniforms.  With #Yankees already up, 6-0, Sox could end up shelving them for a while after tonight.'",b'DPLennon',['Yankees'],36219
2021-09-25 00:00:45,"b'@Markhoyle4 We tried to put a qr code on Baseball Treasure milestone cards that linked to the actual MLB video of the event. MLB said it was a conflict with MLB media. We were stunned, seemed like a bridge from card to media. #expressedwrittenconsent of the Boston Red Sox. \xf0\x9f\x99\x84'",b'RickCanale',['expressedwrittenconsent'],1628
2021-09-25 00:00:43,"b'Boston College High vs Marshfield | Massachusetts High School Football LIVE STREAM 2021 Click Here Live HD TV: https://t.co/KBd4wd3Tuj The Marshfield (MA) varsity football team has a home non-conference game vs. Boston College High (Boston, MA) today @ 7p.'",b'SheiladivaA',[],176
2021-09-25 00:00:42,b'@MatthewBetley They match the colors of the city of Boston flag.',b'Jonathan_Young_',[],150
2021-09-25 00:00:40,b'@YTDeevo @RedSox it\xe2\x80\x99s for the boston marathon',b'aftgertert',[],5
2021-09-25 00:00:39,b'Be prepared for a weird series of electoral events in Boston https://t.co/lArLCNMXLm',b'bostonherald',[],114532
2021-09-25 00:00:38,"b""@DShulman_ESPN I am at Boston Pizza with all the TV's they have. Argos on one Red Sox/Yankees on another and soon Blue Jays on another""",b'hockeycrazy1980',[],49
2021-09-25 00:00:37,b'@BarstoolHubbs Boston\xe2\x80\x99s playing as ugly as those yellow jerseys they got on lmao',b'DevinZ356',[],335
2021-09-25 00:00:36,b'Fuck You Boston #SquadUp #NYYvsBOS',b'goose702',"['SquadUp', 'NYYvsBOS']",127
2021-09-25 00:00:35,b'Boston Man Sentenced for Investment Fraud Scheme #MA #Crime https://t.co/UaS91SMQEG https://t.co/ynKSlQpWvE',b'policeofficer',"['MA', 'Crime']",48411
2021-09-25 00:00:35,b'Well shit I get to watch the Yankees Boston game here in Nebraska just in time to see Stattons 3 run blast!! I am happy now.',b'Jerry17496533',[],29
2021-09-25 00:00:35,"b""@bdh1563 @DonnadlgDl @JMile305 @stephk83 @boston_girl79 @Brimaried No one thought they'd get this far.""",b'CharaCarbone',[],3272
2021-09-25 00:00:33,b'@kudrinko97 @twitchejnave 6-0. With Cole on the mound? Gg Boston.',b'rlovell20',[],668
2021-09-25 00:00:32,"b'According to some sources, it\xe2\x80\x99s a possibility.  https://t.co/HesKm55KAb'",b'TheCelticsWire',[],5996
2021-09-25 00:00:32,b'FUCK BOSTON @RedSox',b'theloopyblgger',[],448
2021-09-25 00:00:31,b'Boston can suck my cock son. If you from Boston ya@mother a whore.',b'NiHaoClint',[],74
2021-09-25 00:00:31,b'@JJ_Boston_ I was thinking tha same thing haha. Check back in in a couple hours. Nate is getting hammered man',b'JoeyAngus11',[],278
2021-09-25 00:00:30,b'These Redsox uniforms are a disgrace to the rivalry. Save it for a Wednesday matinee vs Seattle. Boston money grubbing pigs.',b'MikefromManhat1',[],52
2021-09-25 00:00:30,b'Boston Sucks! \xf0\x9f\x98\x80',b'DFlex2123',[],686
2021-09-25 00:00:30,b'Home project boom helped boost Aubuchon Hardware chain https://t.co/ZiJez4NlvV https://t.co/RROTpSQhKe',b'BosBizJournal',[],67011
2021-09-25 00:00:29,"b'It took a Rube Goldberg-esque series of life events to get me to this point, but here I am hoping Boston grabs a swippity sweep this weekend'",b'delainidisher',[],433
2021-09-25 00:00:27,b'Get this pitcher out Boston',b'AdamGoldbloom1',[],4
2021-09-25 00:00:26,"b'The majority of funding poured into biotech companies, raising a combined $1.1B, based on our roundup.  https://t.co/MdfiqJ6EYg'",b'BostInno',[],89057
2021-09-25 00:00:25,b'ANYONE FROM BOSTON FUCK YOU YOU CUCK',b'dylgar1',[],266
2021-09-25 00:00:25,b'what the fuck is boston doing man\xf0\x9f\x98\x82\xf0\x9f\x98\x82',b'tristaanderfoli',[],7
2021-09-25 00:00:24,b'FUCK YOU BOSTON. FUCK YOU. #Yankees #SquadUp #NYYankees #NYY',b'RoniRigatoni',"['Yankees', 'SquadUp', 'NYYankees', 'NYY']",17
2021-09-25 00:00:23,b'@YESNetwork Boston Sucks!Boston Sucks!Boston Sucks! Let\xe2\x80\x99s go Yankees.',b'willopez1976',[],21
2021-09-25 00:00:23,b'Yankees putting paid on these fucking fugly ass Boston uniforms. I hope they put 20 on them.',b'DieselCane22',[],1073
2021-09-25 00:00:21,b'@OneYearWorld Boxers and Boston terriers',b'Mellecon',[],10521
2021-09-25 00:00:19,b'Damn Boston really just doing all they can to let the Yankees win and win the wildcard huh',b'MeganCampisi',[],651
2021-09-25 00:00:19,b'LETS GOOOOO TAKE THOSE YELLOW JERSEYS AND STICK THEM IN YOUR ASS BOSTON https://t.co/PksUECgMDZ',b'kranz__91',[],122
2021-09-25 00:00:19,b'@Yankees Love seeing this shit happen in Boston \xf0\x9f\x98\x82\xf0\x9f\x98\x82\xf0\x9f\x98\x82\xf0\x9f\x98\x82\xf0\x9f\x98\x82',b'bigben07girl',[],194
2021-09-25 00:00:18,b'Boston Massacre Redux!  Where is Mickey Rivers.',b'nyctaper',[],9648
2021-09-25 00:00:17,"b'Anyone remember the ""Boston Massacre"" of I think early September \'78?'",b'ScottMcConnell9',[],4172
2021-09-25 00:00:14,b'Thanks for nothing Boston.',b'qbowls3bills',[],521
2021-09-25 00:00:14,b'@amandacarpenter @FZirm I\xe2\x80\x99m watching the Yankees beat up on Boston',b'yankees1958',[],15310
2021-09-25 00:00:14,b'@CharaCarbone @DonnadlgDl @JMile305 @stephk83 @boston_girl79 @Brimaried Well now it is sadly on to tomorrow game',b'bdh1563',[],81
2021-09-25 00:00:13,b'Yankees winning in Boston. Gotta love it.',b'DaveTRW',[],947
2021-09-25 00:00:10,b'@_bkuh_ Yankees aren\xe2\x80\x99t going to be swept by Boston sadly :( but hopefully something along these lines',b'twitchejnave',[],969
2021-09-25 00:00:09,b'Boston\xe2\x80\x99s a cool city hi everyone just want to say hi https://t.co/Tf26AqTjOs',b'reidbervik',[],443
2021-09-25 00:00:09,"b""@Artie_boston go out in the plaguelands? Ha, nice one. Thanks, I'd rather keep living for a while longer and play my vidya games. Fridays are special days for WvW people, so their plans for the evening being ruined is understandable.""",b'iopish',[],128
2021-09-25 00:00:06,b'@bdh1563 @DonnadlgDl @stephk83 @boston_girl79 @CharaCarbone @Brimaried This is all your fault. Apologize to Nate.',b'JMile305',[],2925
2021-09-25 00:00:06,"b""Hyundai Motor Group x Boston Dynamics 'Factory Safety Service Robot' https://t.co/gtR2e8Zvl3 via @YouTube""",b'hefisch',[],190
2021-09-25 00:00:04,"b'69 Pearl Street, Boston, Massachusetts https://t.co/ywHttYLhgY'",b'niceaddresses',[],147
2021-09-25 00:00:03,"b'@BarstoolHubbs Take a dump on Boston one time, shitty city'",b'mjparadis',[],319
2021-09-25 00:00:02,b'BOSTON SUCKS',b'GleyBaeTorres',[],1540
2021-09-25 00:00:01,b'I heard Boston fans calling into WFAN today saying they\xe2\x80\x99d destroy Cole and the Yankees today. How\xe2\x80\x99s that working for ya?',b'LI_Sports_Guy',[],147
2021-09-25 00:00:00,"b""Everyone has waited long enough, presenting your teams for Fight for a Cause 2021's main event for @sickkids   Boston @Zaferino1 @BurkishMan @Nell_Bomb @AlmazBae_ @Jippdaboss617  Toronto &amp; Friends @DelzonFire @FluxWaveZ @SilverRupee_ Classic Rando Nicory  \xf0\x9f\x95\x9910pm EST - \xf0\x9f\x97\x93\xef\xb8\x8f9/25 https://t.co/UzC7m3AFLG""",b'surmy_',[],615
2021-09-25 00:00:00,"b'This area in South #Boston is perfect to get your steps in! Plus, there are beautiful views. #Massachusetts #traveling #travelandteachesl #Traveler  https://t.co/n0ACVeO3gy'",b'mariaamariaaaa_',"['Boston', 'Massachusetts', 'traveling', 'travelandteachesl', 'Traveler']",6163
2021-09-24 23:59:59,b'Do I have to ask why the Boston @RedSox are dressed like Walmart employees https://t.co/ss47fjyJ0Z',b'ImpunityCity',[],215
2021-09-24 23:59:57,"b'So, the most amazing, validating thing ever happened today!  I was contacted by an Executive Headhunter about an ED position at a Jewish Non-Profit in Boston.  Unfortunately I am not able to take the position due to my disabilities, but wow! What an amazing thing to be headhunted'",b'RabbahRona',[],198
2021-09-24 23:59:56,b'7:59pm Take that Boston lol love the yellow and blue though but ya gonna hold this L. #NYY https://t.co/1uUk0LXZyj',b'djryefaith87',['NYY'],496
2021-09-24 23:59:53,b'STANTON!!!!! FUCK BOSTON LETS GOOOOOO',b'CoryBoehm117',[],163
2021-09-24 23:59:53,b'god it\xe2\x80\x99s literally only the third inning boston are you okay',b'bellovichg',[],228
2021-09-24 23:59:53,"b""@SNYtv @CartonRoberts @dunkindonuts They weren't beating  Boston because they suck so they didn't need to throw the games...no bill Buckner gifts anymore...really sad if it wasn't for Buckner you guys would only have one lucky title""",b'Js97232042',[],73
2021-09-24 23:59:53,"b'@ramsey City Connection program. A third of MLB introduce these uniforms to connect with their heritage for the next 3 years, then they rotate to new ones. New this year. This is a connection to the Boston Marathon finish line. Yellow/blue with same font choice.'",b'aaronbrazell',[],8682
2021-09-24 23:59:50,"b'@bdh1563 @DonnadlgDl @JMile305 @stephk83 @boston_girl79 @Brimaried ""Ain\'t over till it\'s over""'",b'CharaCarbone',[],3272
2021-09-24 23:59:50,b'STANTON BOMB IN BOSTON BABY',b'_JohnAvino',[],581
2021-09-24 23:59:50,b'@GarifunaKinq Availability is the best ability. Kyrie has been hurt almost every year in the playoffs except for the year Cavs won the chip. Wild take: Ben Simmons on that Boston team Kyrie was on would\xe2\x80\x99ve been better \xf0\x9f\xa4\xb7\xf0\x9f\x8f\xbe\xe2\x80\x8d\xe2\x99\x82\xef\xb8\x8f',b'ChrisreppinXTV',[],807
2021-09-24 23:59:45,b'Boston you are absolutely worthless.',b'TheMattHolt',[],908
2021-09-24 23:59:41,"b'LETS GO THIS IS JUST WHAT WE NEEDED. Blowing it open in Boston early, Stanton with a 3 run bomb and it\xe2\x80\x99s 6-0 baby! #Yankees'",b'Jay_Russs',['Yankees'],306
2021-09-24 23:59:40,b'Thanks for nothing Boston',b'BryanD851',[],82
2021-09-24 23:59:40,b'HALL OF FAMER GIANCARLO STANTON BOSTON SUCKS',b'PinstripesnPenn',[],227
2021-09-24 23:59:38,"b'@DavidLeBoeuf At the least, I\xe2\x80\x99d take some free hand sanitizer \xf0\x9f\x98\x85 but that\xe2\x80\x99s reassuring to hear! I\xe2\x80\x99m headed to Boston from DC today and feeling optimistic haha'",b'jessgawrych',[],812
2021-09-24 23:59:37,b'Fuck Boston',b'jamesfields46',[],2728
2021-09-24 23:59:35,b'FUCK BOSTON!! #SquadUp',b'DEPMG_CEO',['SquadUp'],203
2021-09-24 23:59:34,"b'thanks for nothing, Boston. The city as a whole'",b'AvacadoRoller',[],71
2021-09-24 23:59:33,b'Haha fuck Boston go @Yankees',b'bigben07girl',[],194
2021-09-24 23:59:33,"b'Thanks for nothing, Boston'",b'alexwarneke',[],1214
2021-09-24 23:59:33,"b'Scores of Haitians and their supporters rallied Friday in downtown Boston, venting their frustrations at the treatment of Haitian migrants at the Mexican border. https://t.co/weH04CVLwq'",b'BostonDotCom',[],455891
2021-09-24 23:59:33,b'Thank you for nothing Boston',b'WyattVanDyke6',[],184
2021-09-24 23:59:33,b'STANTON...WITH A ROCKET \xf0\x9f\x9a\x80 INTO THE BOSTON PEN',b'Jamesyankee',[],2108
2021-09-24 23:59:31,b'@DonnadlgDl @JMile305 @stephk83 @boston_girl79 @CharaCarbone @Brimaried Yeah I know I\xe2\x80\x99m just speaking my mind. I love most of my Red Sox family and I hope we continue to stick together regardless of this wild ride',b'bdh1563',[],81
2021-09-24 23:59:30,b'Damnit RedSox \xe2\x80\xa6 maybe I\xe2\x80\x99ll watch a horror movie or something and come back in the 8th inning lol',b'JJ_Boston_',[],1680
2021-09-24 23:59:27,b'Boston getting crushed rn is not good for the Ms\xf0\x9f\x98\xac',b'MikeBuckets',[],5
2021-09-24 23:59:27,b'Fuck you Boston',b'Mavros___',[],215
2021-09-24 23:59:26,b'GOD I LOVE THE FKN YANKEES FUCK U BOSTON ITS A GOOD DAY',b'Kyotix',[],501
2021-09-24 23:59:25,b'WOOOOO!!!! Boston SUCKS #Yankees',b'DJTravieTrav',['Yankees'],479
2021-09-24 23:59:24,b'Is Boston just forever wearing those hideous yellow things?',b'churchofbasebal',[],3744
2021-09-24 23:59:22,b'LOL BOSTON REDSUX',b'bdon07',[],266
2021-09-24 23:59:19,"b'So I have to ask, why\xe2\x80\x99s there so much hate with the Red Sox city jerseys? I understand the perception of it, however, I also understand the meaning behind it more than anything. When I see these jerseys, I think of: the city, the marathon, and David Ortiz addressing Boston. https://t.co/qjrUNaDKlj'",b'Trombino20',[],1682
2021-09-24 23:59:17,b'FUCK BOSTON',b'RealDomster',[],129
2021-09-24 23:59:17,b'@RaysFanGio @tessthefirst @GlamMe2 @Butch964 @pmay225 @Song_Bird_13 @Melbo0221 @missclareski @RandiiNicholee @FLTeacher5 @floridalalahhh @pcales @prescott_greg @osugirl47 @seaghost78 @Baycrab3 @jclaireb @PurpleBolt71 @TBRaysTwins @NancyCarrow @MarkShark420 @billr2121 If Boston loses one game over the next 3 games and Rays win 2 they clinch division.',b'TB_Bucs_4Life',[],665
2021-09-24 23:59:16,b'Goodnight Boston. \xf0\x9f\x98\x82',b'Tizzy_Kicks',[],37
2021-09-24 23:59:12,b'Fuck Boston',b'Ronnie_Franz',[],262
2021-09-24 23:59:11,b'Maybe if Boston didn\xe2\x80\x99t wear these stupid fucking uniforms this game wouldn\xe2\x80\x99t be 6-0',b'VFarmer24',[],439
2021-09-24 23:59:10,b'body bags for boston',b'andrewandderson',[],1203
2021-09-24 23:59:10,b'Lots of Yankee fans in Boston.',b'CopyDan',[],1582
2021-09-24 23:59:09,b'im honestly a massive fan of the red sox wearing yellow boston marathon shirts',b'chad_aucoin',[],646
2021-09-24 23:59:09,b'BIG G!! LETS GO 6-0 BOSTON SUCKS!',b'SeaweedForever',[],497
2021-09-24 23:59:07,b'5-0 Yankees over Boston. T3. Eovaldi is toast.',b'ProspectInsider',[],12686
2021-09-24 23:59:06,b'ITS A BLOOD BATH IN BOSTON',b'realsxucey',[],375
2021-09-24 23:58:55,b'me: :( more than a feeling by boston: .. me: :)',b'tylerscoolfilms',[],226
2021-09-24 23:58:54,b'@bdh1563 @JMile305 @stephk83 @boston_girl79 @CharaCarbone @Brimaried Game is not over.. a long ways to go! Go Red Sox \xe2\x9a\xbe\xef\xb8\x8f\xe2\x9d\xa4\xef\xb8\x8f',b'DonnadlgDl',[],3708
2021-09-24 23:58:54,"b'I love Richie From Boston.  I love High Impact Flix.  Anything in between is noise.  As a wise man once said, ""So there\'s that."" @NULOOKREFINISH  @HighImpactFlix'",b'Revelation2041',[],6103
2021-09-24 23:58:54,b'The Boston Red Sox are now the proud  owners of the ugliest uniforms in sports',b'kacekakes',[],8846
2021-09-24 23:58:52,b'@snadyyy @rodolfojvl Boston??',b'vazquez71',[],49
2021-09-24 23:58:48,b'@HeartEyes4Brady Not sure how this came to be but why bother to \xe2\x80\x9chate\xe2\x80\x9d him. Means nothing really to the Boston fans',b'saraturner19',[],2304
2021-09-24 23:58:46,"b""Nice home uniforms Red Sox Yankees Boston  #SquadUp  Gimme some fries wit dat fish!  When you're classic no changea da uniforms. New York road grays. https://t.co/iU1cxc2tZm""",b'JohnPTharp',['SquadUp'],3063
2021-09-24 23:58:42,b'The city of Boston please stop existing',b'nafnu11',[],361
2021-09-24 23:58:35,"b'I don\'t get why people don\'t see the urgency. It\'s late September in Boston and I\'m sweating every day like I live in Orlando  And we\'ll remember these as ""when it was cool enough to leave the house"" days https://t.co/fR2r63uGTt'",b'thebostonlol',[],740
2021-09-24 23:58:32,"b""@lizzirmweyant Don't worry, a real Boston kid would say it with an -er but spell it with an -a.""",b'richparr79',[],2739
2021-09-24 23:58:27,b'@8marathon24 Fun fact she is my congressperson in Boston.',b'PunishedJackie',[],336
2021-09-24 23:58:24,b'Nets x Knicks e Boston x Lakers https://t.co/jbn4DzHzja',b'sciluan_',[],796
2021-09-24 23:58:23,b'@jessgawrych I think all passengers need to be given a spray bottle in the event of a wild Karen \xf0\x9f\xa4\xa3. I was proud of my two flights from Boston to SF that everyone was looking out for each other  and just wanted to enjoy HBO Max and free seltzer',b'DavidLeBoeuf',[],1869
2021-09-24 23:58:15,"b""1. That wasn't a strike. The ump made the right call. 2. I have never in my ENTIRE LIFE seen an ump go to make a strike call and just legit change his mind mid-call. 3. Let's party. 4. Fuck Boston.""",b'BEdward26',[],132
2021-09-24 23:58:02,b'#Boston #Celtics: @aaron_nesmith days left ...   https://t.co/xC4RX5m4ue   #Atlantic #AtlanticDivision #BostonCeltics #BostonCeltics #EasternConference #EasternConferenceAtlantic #EasternConferenceAtlanticDivision #Massachusetts #NBAAtlantic #NBAAtlanticDivision #NBAEastern https://t.co/SRYjPIhqD1',b'LoveNBAcom',"['Boston', 'Celtics', 'Atlantic', 'AtlanticDivision', 'BostonCeltics', 'BostonCeltics', 'EasternConference', 'EasternConferenceAtlantic', 'EasternConferenceAtlanticDivision', 'Massachusetts', 'NBAAtlantic', 'NBAAtlanticDivision', 'NBAEastern']",312
2021-09-24 23:57:54,b'ANYONE WANNA BUY A TICKET FOR CHASE ATLANTIC BOSTON GA FLOOR SECTION? i have two tickets i\xe2\x80\x99m selling',b'togobo_',[],25
2021-09-24 23:57:53,b'Boston are so annoying. In utmost disgust I was hoping they\xe2\x80\x99d beat the yanks. Silly me.',b'B_WTB',[],502
2021-09-24 23:57:52,"b'#NOWPLAYING  https://t.co/EK2HuPvDjG Bankxy - No Reason       ""THE HOME OF BOSTON HIP HOP""'",b'funkyfresh1',['NOWPLAYING'],3763
2021-09-24 23:57:52,b'Journey Boston 26 yard TD.  Dalton 14 South Paulding 13. 1:42 1st',b'DHS_Cats_Sports',[],1797
2021-09-24 23:57:50,b'The Canadian Model has #Sam making landfall In Boston.. Let\xe2\x80\x99s hope this doesn\xe2\x80\x99t happen. https://t.co/8rKyaSMd2O',b'markforecastWX',['Sam'],61
2021-09-24 23:57:49,"b'Heading to Boston/NE this weekend, any suggestions?? \xf0\x9f\x91\x80'",b'dk__create',[],2216
2021-09-24 23:57:49,"b""@psarj @1980Dorothy OK, didn't actually read this. I thought Boston TV news said they did. Oops.""",b'OldGrayBeard1',[],188
2021-09-24 23:57:48,"b""If I ever make it to Boston I'm gonna feel like the Pope walking around shaking everyone's hands and giving them the euro kiss.""",b'LaxCoachMartin',[],947
2021-09-24 23:57:47,"b'""I\'m definitely very excited to show up to the field on Friday, and see the buzz...it\'s going to be a playoff atmosphere for sure."" - @kschwarb12, @RedSox. #KyleSchwarber #bostonredsox #redsox #bostonathlete #baseball #MLB #redsoxnation #goredsox #boston #bostonathletemagazine'",b'bostonathletema',"['KyleSchwarber', 'bostonredsox', 'redsox', 'bostonathlete', 'baseball', 'MLB', 'redsoxnation', 'goredsox', 'boston', 'bostonathletemagazine']",625
2021-09-24 23:57:46,b'a good classic glazed and a bavarian-filled/boston kreme just hit diff',b'noreasalnac',[],238
2021-09-24 23:57:43,b'tomorrow will be a bad day to be a Boston College eagle. https://t.co/qtCzgcouVq',b'randy__vision',[],41582
2021-09-24 23:57:35,b'@claudmp3 @bleachersmusic Great seeing you in New Jersey and Boston',b'mikebro75255678',[],4
2021-09-24 23:57:34,"b""@rochester_rita Please share recipe,  I'm doing a Boston butt in smoker tomorrow and would love this to have for dessert.""",b'imtheponygirl',[],948
2021-09-24 23:57:26,"b'1:03 Q1: TOUCHDOWN! Pete Zamora goes deep to Jimmar Boston! Extra point is good, Rams lead 14-3'",b'RamsFootballSC',[],2687
2021-09-24 23:57:20,"b'No, but I\xe2\x80\x99d seriously be done to see a Boston Rob vs Wendell remodeling showdown.'",b'Melissa2day',[],212
2021-09-24 23:57:19,"b""I'm so confused. Did Boston walk Judge? Or did the ump actually call that ball four? #yankees""",b'Mopiece',['yankees'],48
2021-09-24 23:57:18,b'Harvard Football News - @HarvardFootball leads 7-0 over Brown at the end of the 1st Quarter. Aaron Shampklin scores for Harvard. #AaronShampklin #harvardfootball #bostonathletes #boston #football #gocrimson #onecrimson #harvard #bostonsports #bostonathletemagazine https://t.co/InoulboxYx',b'bostonathletema',"['AaronShampklin', 'harvardfootball', 'bostonathletes', 'boston', 'football', 'gocrimson', 'onecrimson', 'harvard', 'bostonsports', 'bostonathletemagazine']",624
2021-09-24 23:57:17,b'Me: who do i dislike more Boston or the Yankees https://t.co/1sRFSv1wir',b'CoWBoYLoYaLtY24',[],2535
2021-09-24 23:57:13,b'@TonyMassarotti The Boston Massacre 2021 is upon us!!',b'davidjricci',[],23
2021-09-24 23:57:08,b'@espn Yankees vs Boston broadcast sounds like someone died. I guess this isn\xe2\x80\x99t exciting\xe2\x80\xa6',b'ClintNeck',[],45
2021-09-24 23:57:05,b'Either this ump is a troll or Boston decided to IBB Judge four pitches in lol #SquadUp',b'GeoffJMags',['SquadUp'],3654
2021-09-24 23:57:05,b'Umpire psyched Boston #Yankees',b'_MrYankee',['Yankees'],23
2021-09-24 23:57:00,b'Wtf is Boston wearing rn lmfao',b'TheMeccaMSG',[],1254
2021-09-24 23:56:57,b'What is this ump doing? Sorry Boston fans - a Yankee fan',b'benjamntenison1',[],47
2021-09-24 23:56:54,"b'Another day, another homer by the @SoCalGiants at the @AZFallClassic. 2024 Boston Bateman \xf0\x9f\x91\x80\xf0\x9f\x92\xaa https://t.co/rtX5Cszl1v'",b'chuckiefick',[],4839
2021-09-24 23:56:54,b'I\xe2\x80\x99m ready to go see Boston this fall. Who\xe2\x80\x99s coming with?',b'michaelkeigher',[],292
2021-09-24 23:56:50,"b""The New York Yankees are on ESPN tonight against the Boston Red Sox at Funway Park. They're leading 3-0 right now. They have to win at least two out of the three in the series.""",b'jakeleopold225',[],120
2021-09-24 23:56:46,b'@julietighe17 @RedSox Tribute to Patriot Day and Boston Marathon',b'tuckahoetommy',[],3961
2021-09-24 23:56:32,b'I\xe2\x80\x99m so excited to be in Boston for Halloween. The shows lined up look so fun \xf0\x9f\xa5\xb5',b'HeyThereMisster',[],1037
2021-09-24 23:56:21,b'@NECN Trust Dr. Jennifer Lo reported her Boston/MA income she earned while working remotely to #HawaiiDOTAX and paid her 8% income tax rate there. Don\xe2\x80\x99t want another Democrat tax cheat!',b'ConservaThreads',['HawaiiDOTAX'],61
2021-09-24 23:56:18,b'Why Boston wearing  that bright  ass yellow? Yankee bats have been doing it so far hope the bullpen holds up tonight. We need a sweep.',b'nightnurse38',[],2193
2021-09-24 23:56:12,b'@JohnnyD_cm @LogicalReterg @JoeEason1 @Michael98410246 @doctorbuttons @boston_hoax @MaidelK @SurferCosmic @try_thinking @earthisaglobe @PTroubleshooter @GordonSBrooks @LulPepega @edempsey107 @pauledevans @shopatten @KayeTatton @1w1lld3bunky0u @FlatEarthD @AiNaTow @MarroniDean @VeritatisetLum1 @Nack__Jicholson @Freak0nIine @aurora_mari_ @watermole6 @Wandaspangler2 @philennogiets @PrismPrime @DennisWhalebone @GPeepo @TheViking_North @chielsin2 @Judah_Slave @NoLongerThatGuy @stephanus_56405 @Amos89862803 @BleedingCrysta1 @RandyNorthrup2 @ChickenQuantum @Glad2bAtheist @sdaws5MUFC @sgtrolls3 @expoztruth @BabyDexy99 @veerhans5 @GavinVS44 @SkyDog_59 @CjMorow @h_y_d_e_22 all caps? triggered. \xf0\x9f\xa4\xa3',b'_hiddenagenda',[],1035
2021-09-24 23:56:07,"b'42"" and 48"" Glass Table Tops https://t.co/x9uJMT49OZ  https://t.co/LvTF2NWTFN #BostonCurbAlert #Boston #Free'",b'BostonCurbAlert',"['BostonCurbAlert', 'Boston', 'Free']",651
2021-09-24 23:56:06,b'Folding bed with mattress + protector https://t.co/Ljw0ic1ZxO  https://t.co/LvTF2NWTFN #BostonCurbAlert #Boston #Free',b'BostonCurbAlert',"['BostonCurbAlert', 'Boston', 'Free']",651
2021-09-24 23:56:04,b'TV Stand / Entertainment Center https://t.co/RLHXURiEJy  https://t.co/LvTF2NWTFN #BostonCurbAlert #Boston #Free',b'BostonCurbAlert',"['BostonCurbAlert', 'Boston', 'Free']",651
2021-09-24 23:56:02,b'Turtle https://t.co/swPbx68NDw  https://t.co/LvTF2NWTFN #BostonCurbAlert #Boston #Free',b'BostonCurbAlert',"['BostonCurbAlert', 'Boston', 'Free']",651
2021-09-24 23:56:00,"b'@alli1207 Yes, I see that it\xe2\x80\x99s to commemorate the Boston Marathin, but my retinas are screaming'",b'Maruva2000',[],344
2021-09-24 23:55:58,b'\xf0\x9f\x91\x89  \xf0\x9f\x91\x88 47 MLB Team Color Core Adjustable Face Covering Mask Adult  Boston Red @topfanscorner   #MLB #Team #Color #Core #Adjustable #Face #Covering #NFL #Football #NFLfans   Hurry up to get it for the best price! https://t.co/O35Bpg1IgU',b'topfanscorner',"['MLB', 'Team', 'Color', 'Core', 'Adjustable', 'Face', 'Covering', 'NFL', 'Football', 'NFLfans']",2303
2021-09-24 23:55:53,b'Check out this listing I just added to my #Poshmark closet: Boston University Men\xe2\x80\x99s Ice Hockey red t-shirt. https://t.co/0ERdVburqc #shopmycloset @poshmarkapp',b'TaraDiamondKule',"['Poshmark', 'shopmycloset']",526
2021-09-24 23:55:44,b'Check out this listing I just added to my #Poshmark closet: Champion Boston Hockey lace up front pullover M. https://t.co/WUGMkks4BE #shopmycloset @poshmarkapp',b'TaraDiamondKule',"['Poshmark', 'shopmycloset']",526
2021-09-24 23:55:39,b'@MarkELindsay Boston\xe2\x80\xa6 *Red*\xe2\x80\xa6 Sox https://t.co/8hIWllmndr',b'DrSandman11',[],21466
2021-09-24 23:55:27,b'@get_over_itxo Boston creme',b'brian48629193',[],1028
2021-09-24 23:55:10,b'Boston shortporch is legendary',b'ShaqGriffinSZN',[],676
2021-09-24 23:55:06,b'I\xe2\x80\x99m bad luck every time I wear a Red Sox jersey or something they always LOSE \xf0\x9f\x98\xad\xf0\x9f\x98\xad\xf0\x9f\x98\xad\xf0\x9f\x98\xad\xf0\x9f\x98\xa2\xf0\x9f\x98\xa2\xf0\x9f\x98\xa2\xf0\x9f\x98\xa2 maybe I will stop that and not wear it so they will win! Idk terrible season and being a sports fan is stressful @DonnadlgDl @JMile305 @stephk83 @boston_girl79 @CharaCarbone @Brimaried https://t.co/rrpuEvBx9D',b'bdh1563',[],81
2021-09-24 23:55:02,b'@jkozak89 @maffnito @6 True dat but I want all these Boston guys out of our organization this ain\xe2\x80\x99t who we are\xe2\x80\xbc\xef\xb8\x8f',b'MaltaChristian',[],297
2021-09-24 23:54:58,b'They are the Nike City Connect jerseys\xe2\x80\xa6they pay homage to the Boston Marathon. https://t.co/G3GEeo6DLT',b'davewills34',[],9860
2021-09-24 23:54:53,"b'Just posted a photo @ Boston, Massachusetts https://t.co/6IIfC20xHF'",b'junesymphony',[],877
2021-09-24 23:54:53,b'@_ashsierra i love you!!!! we\xe2\x80\x99re going to boston!!!!!!!',b'brahnxvx',[],1966
2021-09-24 23:54:34,b'Ah so this is why things are going the way they are https://t.co/ZsBsvZ6W8V',b'Boston_316',[],357
2021-09-24 23:54:30,b'I love hammering Eovaldi that scrub that was bad or hurt most of his time with the Yankees then went to Boston and becomes good.  Score 37 runs please #Yankees',b'bbqbaseball62',['Yankees'],294
2021-09-24 23:54:30,b'NYY all the way buttttt these Boston jerseys are fucking lit',b'MarcousAnthony',[],88
2021-09-24 23:54:28,b'@phxIIymxkan Kyrie and boston',b'MNIN__',[],1123
2021-09-24 23:54:22,b'@Yankees please beat Boston tonight and tomorrow!',b'andymckittric21',[],812
2021-09-24 23:54:19,"b'@GasolineJoy @JannikBiergans @kenklippenstein Yeah, the us could totally have a high speed rail that runs along the high population carrier of DC-Baltimore-Philly-NYC-Providence-Boston. Oh wait it already does.'",b'therealbjenks',[],12
2021-09-24 23:54:11,"b'Boston differed with his friends.  Boston was always sad, while Mason was always happy.'",b'WorldCl41492395',[],0
2021-09-24 23:54:08,b'I spy something green inside \xf0\x9f\x8c\xb1#toonbudskeefer #parody #adultcartoon #brand #boston #ogcharacters #creativity #art #crafting #cartoonist #artist #magic https://t.co/coilycG18o',b'Toonbuds1',"['toonbudskeefer', 'parody', 'adultcartoon', 'brand', 'boston', 'ogcharacters', 'creativity', 'art', 'crafting', 'cartoonist', 'artist', 'magic']",161
2021-09-24 23:54:07,"b'lrt never change, boston'",b'c2_comics',[],146
2021-09-24 23:54:04,"b'@nathaliejacoby1 I love so many for different reasons!  Paris for food, fashion, the arts. Amsterdam for museums, bike culture, amazing people. Boston for our history, food, culture. NYC cuz it is NYC!  Passau Germany, Venice Austria for their beauty. Can\xe2\x80\x99t wait to discover more!'",b'dmhallenbeck',[],2087
2021-09-24 23:53:59,"b""In Boston, it's weird.""",b'yourmommaso',[],34
2021-09-24 23:53:58,b'\xe2\x80\x9cScience NOT Silence\xe2\x80\x9d \xe2\x80\x9cInvest in LIFE \xe2\x80\xa6 DIVEST from #FossilFuels\xe2\x80\x9d  #FridaysForFuture #UprootTheSystem #FaceTheClimateEmergency #MYCC \xe2\x81\xa6@FFF_Mass\xe2\x81\xa9 #Boston #Massachusetts #mapoli #Statehouse https://t.co/dL4V3dOA8z',b'AndreaDoremus',"['FossilFuels', 'FridaysForFuture', 'UprootTheSystem', 'FaceTheClimateEmergency', 'MYCC', 'Boston', 'Massachusetts', 'mapoli', 'Statehouse']",2174
2021-09-24 23:53:56,"b'@boston_sp0rts20 And don\xe2\x80\x99t forget the play before, an easy interception went right thru Asante Samuel\xe2\x80\x99s hands.'",b'joepcosta',[],614
2021-09-24 23:53:53,"b'Northeastern Field Hockey Score - Final: @GoNUfhockey 3, Dartmouth 0. Goals: Lauren Rowe, Lara Taylor, Cailin Hart. #gonufhockey #bostonathletes #boston #howlinhuskies #gonuathletics #bostonsports #fieldhockey #collegefieldhockey #bostonathletemagazine https://t.co/uU6JWb0oHX'",b'bostonathletema',"['gonufhockey', 'bostonathletes', 'boston', 'howlinhuskies', 'gonuathletics', 'bostonsports', 'fieldhockey', 'collegefieldhockey', 'bostonathletemagazine']",624
2021-09-24 23:53:52,b'Rizzo shitting on Boston &gt;&gt;&gt;',b'_BigSteve89',[],2142
2021-09-24 23:53:38,"b""I'm surprised Boston Rob doesn't have his own remodeling show by now, I'd watch. https://t.co/jFKErCraa5""",b'Melissa2day',[],212
2021-09-24 23:53:24,"b'@mikescudiero Yes, they are  a nod to the Boston Marathon. The blue and yellow are the colors of the Marathon, and the patch on the sleeve is the Marathon Bib with the Boston area code.'",b'laker477',[],2862
2021-09-24 23:53:20,b'@tayIorartista boston?',b'naosouofabyan',[],439
2021-09-24 23:53:16,b'I Really Hate #Boston',b'Yung_Shawty1990',['Boston'],309
2021-09-24 23:53:13,b'@PaulSkallas No grid in Boston https://t.co/Lwq4xp9m3v',b'AdverbReclaimer',[],3975
2021-09-24 23:53:11,b'Pretty night on the Charles River. #Boston https://t.co/hcYF0Jvz1p',b'DanJovicNews',['Boston'],986
2021-09-24 23:53:03,b'@BWilliLiou They are in the colors of the finishing line of the Boston Marathon and were worn on Patriot Day (marathon day) in honor of victims of 2013 bombing and the #BostonStrong moment that came after. You may not like the colors. But you can respect the sentiment\xe2\x80\xa6',b'sdonnan',['BostonStrong'],32032
2021-09-24 23:52:41,b'Wisdom begins in wonder (Socrates)   #Boston #Outdoor #WonderFilledAndWonderful #BOPN \xf0\x9f\x8c\xb3\xf0\x9f\x8c\xbf\xf0\x9f\x8c\xbc https://t.co/b8M4uFgh0V',b'BostonBopn',"['Boston', 'Outdoor', 'WonderFilledAndWonderful', 'BOPN']",100
2021-09-24 23:52:41,b'@jcd823 Boston',b'ow80230595',[],326
2021-09-24 23:52:38,b'@yeek_freak @paytmitch We pondered one time that it could be Boston again',b'TheTallJoseph',[],273
2021-09-24 23:52:19,b'Ordered a delivery from @TheRealPCB online store to Boston. Omgomgomg',b'haarisgh',[],682
2021-09-24 23:52:10,b'I think Boston\xe2\x80\x99s uniforms are suppose to represent the Boston marathon',b'banrise09',[],60
2021-09-24 23:52:05,b'25-09-2021 00:52:34 https://t.co/QSSPnxvGl1 #BlastFMRock \xf0\x9f\x94\x8a Boston - Foreplay / LongTime',b'BlastFMRock',['BlastFMRock'],511
2021-09-24 23:52:03,b'Not liking the Boston Red Sox uniforms this year I mean yellow and blue and very generic.',b'BethJune26',[],54
2021-09-24 23:52:02,b'@SouthernerSays Boston: hold my beer',b'ComoPescado',[],161
2021-09-24 23:51:49,b'@Martina Our crew of 3 dedicated tennis fans donated our @LaverCup all sessions tickets to the staff and students at Tenacity which serves Boston\xe2\x80\x99s youth with educational support and tennis!  Wish we were in person- but going to safely watch from home on @TennisChannel',b'TheAldridges',[],528
2021-09-24 23:51:48,b'Boston College High vs Marshfield High School Football Live 7:00PM Link On @CFooyball Or My Bio',b'FootballUsa16',[],2
2021-09-24 23:51:45,"b'#FF 9-24 #DirtyWater @RedsoxJen1 @HGF52611 @soxpatsforever @Ibutterfly34 @johnszim @RedSox_SF49ers @RedSoxGirl1976 @boston_girl79 and please get rid of the yellow uniforms please, you are NOT the #LakeShow.  Thank you.'",b'PGar58',"['FF', 'DirtyWater', 'LakeShow']",2507
2021-09-24 23:51:44,"b'I was looking at the schedule for tomorrow and saw \xe2\x80\x9cpregnant within the last week, lactating, mated with GSP\xe2\x80\x9d I open the client in Avimark and it\xe2\x80\x99s a TEN YR OLD BOSTON TERRIER PLS SAY SIKE OMG'",b'loftmusik_',[],2023
2021-09-24 23:51:38,b'@hofmannaw the Suite Life of Zack and Cody episode on the Boston tea party!',b'praxisprincess',[],129
2021-09-24 23:51:29,"b'Dude, @theswordofficial fucking rules. @lbpavilion #boston @primusville #primus #tributetokings @ Leader Bank Pavilion https://t.co/zvI2HLC6ju'",b'MikeHsuAAF',"['boston', 'primus', 'tributetokings']",21631
2021-09-24 23:51:27,b'@rogerfederer interviewed at @LaverCup! \xf0\x9f\x92\x95 He surprised #TeamEurope in #Boston https://t.co/GkHh65MlHl',b'RogerOurNo1',"['TeamEurope', 'Boston']",234
2021-09-24 23:51:25,"b""#Yankees are 6-10 each against RedSox, #BlueJays and #Rays. Final 9 games is redemption tour. Man up. Put your foot in Boston's throat. Let's go! #SquadUp #DirtyWater""",b'GiftedPrude',"['Yankees', 'BlueJays', 'Rays', 'SquadUp', 'DirtyWater']",1035
2021-09-24 23:51:24,b'@boston_girl79 those trash unis ughhhhh',b'kelitos_way',[],1509
2021-09-24 23:51:21,"b""i wanna see the  red sox run the boston marathon now that they're sporting these awesome uniforms https://t.co/EY3TMg6S1M""",b'aleckent4',[],24
2021-09-24 23:51:21,"b""#np #rock #heavy  Smokin' - Boston on https://t.co/pejso2QWf5 https://t.co/1xYCumUsrX""",b'NowHardRock1',"['np', 'rock', 'heavy']",41
2021-09-24 23:51:17,b'Boston Red Sox got the best city connection uniform.',b'MaxiumisPohl',[],96
2021-09-24 23:51:16,b'\xf0\x9f\xa4\x96 these are definitely the droids you\xe2\x80\x99re looking for. RSVP for our Robo Boston Block Party with @MassRobotics on October 2nd from 11:00am-4:00pm to see the latest in all things robotics https://t.co/qW1nHUxxqc https://t.co/5ALu1JDW8V',b'seaportbos',[],2505
2021-09-24 23:51:10,"b'@mikescudiero I understand that is the meaning behind them, but tonight that is not the reason they wear them. They said it was because of the streak. And meaning no disrespect, they are still an eye sore. If this were a year long statement for Boston Strong, I understand, but it\xe2\x80\x99s not. IMO.'",b'CaribSaint',[],103
2021-09-24 23:50:58,"b""@ProspectInsider I mean, I'm a diehard fan but after the Boston series I thought we had zero shot. But you're right, the team that won't die, I love it.""",b'IMacDougallBats',[],21
2021-09-24 23:50:55,b'Boston lost their longer coddddddd\xf0\x9f\x8c\x8a\xf0\x9f\xa7\x9c\xf0\x9f\xa4\xb7\xe2\x80\x8d\xe2\x99\x80\xef\xb8\x8f',b'WithChanceof',[],3
2021-09-24 23:50:33,b'@Boston_Diehards How bout l pay them to keep him',b'JoeComicFan',[],1072
2021-09-24 23:50:32,b'Chanting \xe2\x80\x9cYankees suck!\xe2\x80\x9d while they\xe2\x80\x99re beating your team 3-0 in the second inning in your own ballpark tells you everything you need to know about the Boston Red Sox fan base.',b'BradenCarmen',[],467
2021-09-24 23:50:31,b'@_BigSteve89 Typical boston',b'reidestevenson',[],254
2021-09-24 23:50:29,"b""@rcooley123 Their City Connect unis, I'm guessing. It's supposed to be a tie-in to the Boston Marathon. Personally, I think they're atrocious.""",b'StillCrusty',[],701
2021-09-24 23:50:21,"b""Facts! @BillForry is fighting the same battles for the same side as #Trump supporters. They're just doing it from the inside. Boston is finally changing so they want to deprive POC of rules which benefited them for generations. Classic drain the community pool. #BOSpoli #MApoli https://t.co/OSMEbOv9T0""",b'NotoriousVOG',"['Trump', 'BOSpoli', 'MApoli']",4808
2021-09-24 23:50:06,"b""Rent free in Boston's heads""",b'teearrrr',[],170
2021-09-24 23:50:03,b'my dads friend works around boston setting up the stage at shows and he said he met sasha and she\xe2\x80\x99s so nice and really cares and respects everyone who puts the show together and everything and like FUCK. I love her.',b'alltoohail',[],3245
2021-09-24 23:50:01,b'The 1st went well both here and in Boston https://t.co/DM3HxG4Ece',b'RaysBaseball',[],625441
2021-09-24 23:49:47,"b'@BostonStrong_34 So much for the yellow jerseys, Boston SUCKS!!! Yanks kicking their loser asses as usual!!! FU Boston can\xe2\x80\x99t beat NY!!!'",b'rod27000',[],1
2021-09-24 23:49:43,b'@FrankiesTwoLoud This Red Sox team is a genuinely homely bunch.  Must be be why the Boston community embraces them so much.',b'WandLLaw99',[],827
2021-09-24 23:49:41,"b'#NOWPLAYING  https://t.co/EK2HuPvDjG Funky Fresh Radio - u already no what it is FUNKY FRESH RADIO       ""THE HOME OF BOSTON HIP HOP""'",b'funkyfresh1',['NOWPLAYING'],3763
2021-09-24 23:49:40,b'@mikescudiero One of the only days I was a Boston fan.  Such a horrible day.',b'PeaceNow4Life',[],1290
2021-09-24 23:49:39,b'1000\xe2\x80\x99s of young people around the world organized &amp; rallied today to say #SaveOurFuture Today in Boston #ThereIsNoPlanetB WeWillNotLetYouWreckThePlanet! https://t.co/F62ncxXl37',b'Maryeb2Boyle',"['SaveOurFuture', 'ThereIsNoPlanetB']",764
2021-09-24 23:49:38,b'Those Boston jerseys look like hot shit lol',b'BubsBx',[],16
2021-09-24 23:49:33,"b'Dorchester Apartment for rent 3 Bedrooms 1 Bath Boston - $2,200: 3 Bed 1 Bath Laundry in Unit Hot Water Included Hardwood and Ceramic Floors Street Parking Dishwasher, Disposal. Microwave Eat-in Kitchen Granite\xe2\x80\xa6 https://t.co/okrYmSk09y #offcampusapartments #offcampusrentals https://t.co/h7dOPUE143'",b'offcampuspads',"['offcampusapartments', 'offcampusrentals']",935
2021-09-24 23:49:31,b'@itsannagraves Ah honestly so tempted! It\xe2\x80\x99s just that I have tickets to Global Citizen Live for tomorrow \xe2\x98\xb9\xef\xb8\x8f How long are you in Boston for?',b'DanyalRF',[],248
2021-09-24 23:49:22,b'Can someone please enlighten me as to why the Boston Red Sox are wearing yellow uniforms?',b'rcooley123',[],140581
2021-09-24 23:49:09,b'@_iLoveAlana I got to Boston just to go EAT!!!',b'ThickFil_A',[],4612
2021-09-24 23:49:06,b'Just signed up for another marathon in 3 weeks \xf0\x9f\x99\x83 it\xe2\x80\x99s Boston qualifier so let\xe2\x80\x99s gooooooo',b'Turtle1389',[],320
2021-09-24 23:49:02,"b'@mikelowetpt @moodyfoodiedude @WeNeedPlaymakrs @creedreader It\xe2\x80\x99s the Boston Marathon colors. Also, I love them &amp; you all suck'",b'injest77',[],3196
2021-09-24 23:49:01,b'@annenamocatcat It\xe2\x80\x99s a tribute to the Boston marathon',b'Ashley_Dyane',[],1364
2021-09-24 23:48:58,b'Lame Boston fans.',b'Rd1Tab2',[],19
2021-09-24 23:48:55,b'Missing Boston more than ever \xe2\x9d\xa4\xef\xb8\x8f https://t.co/b86hSPz9jU',b'saksd14',[],83
2021-09-24 23:48:54,"b'As good as I think the Celtics will be this season unless Nesmith gets big time minutes and is the sniper we know he can become, Boston\xe2\x80\x99s spacing is questionable. They\xe2\x80\x99ll have to make up for it defensively, getting out in transition off there stops. Top 3 in the east potential'",b'Dom00062492',[],129
2021-09-24 23:48:49,"b""@MsPlayoffHope Jealous! I'm on the east coast and spent way too much of my morning trying to make a plan to get to Boston on Tuesday, 10/5... y'know, for no particular reason.""",b'StoreyClayton',[],343
2021-09-24 23:48:47,"b""@Veronicatheblog @hodges @heykbb I definitely don't follow enough people from Boston. Thank you! (Hope you're doing well)""",b'Dayhaysoos',[],10651
2021-09-24 23:48:44,"b'So, if Boston could get their shit together...... https://t.co/5vVt87AAEF'",b'fishafevah0211',[],370
2021-09-24 23:48:32,b'@HafleysTroops @MizzouFootball @BazelakConnor @case_cook @martezmanuel13 @MikeMaietti78 You\xe2\x80\x99re a Boston college fan\xe2\x80\xa6',b'Holy_Shildt',[],568
2021-09-24 23:48:28,"b'@get_over_itxo Boston cream, please!'",b'TBulin',[],629
2021-09-24 23:48:16,"b'Interesting twist to Boston Legal, \xf0\x9f\x98\x8a https://t.co/8RJxCFo9aA'",b'NyawiraNjoroge',[],9008
2021-09-24 23:48:13,b'@Dayhaysoos I have MANY nice things to say about some. Check out Boston based @hodges @heykbb',b'Veronicatheblog',[],5623
2021-09-24 23:48:12,b'Boston. Save the date 11/19.  More info soon \xe2\x9d\xa4\xef\xb8\x8f\xe2\x80\x8d\xf0\x9f\x94\xa5',b'5everforever',[],349
2021-09-24 23:48:11,"b""Boston's yellow unis are sick tho https://t.co/e0tmxvoEv6""",b'dimtunkietunkel',[],61
2021-09-24 23:48:08,b'3:33 Q1: Pete Zamora finds Jimmar Boston on consecutive passes. 2nd and 3 coming up from the TLH 4.',b'RamsFootballSC',[],2687
2021-09-24 23:48:04,b'#MLBnaESPN Time do Boston com uniforme amarelo?',b'jcpinelo',['MLBnaESPN'],13
2021-09-24 23:47:58,b'One of the best college football views in New England. Harvard hosting Brown in front of a strong crowd here in Boston. #GoBruno https://t.co/qImBSUFHHn',b'BillKoch25',['GoBruno'],7977
2021-09-24 23:47:43,b'@MLB_Mexico \xf0\x9f\x98\xad\xf0\x9f\x91\x80\xf0\x9f\x91\x8d\xf0\x9f\xa4\xa3 Boston',b'luismurris1',[],3
2021-09-24 23:47:42,b'We need @Wawa in Boston \xf0\x9f\x91\x8f\xf0\x9f\x8f\xbc\xf0\x9f\x91\x8f\xf0\x9f\x8f\xbc\xf0\x9f\x91\x8f\xf0\x9f\x8f\xbc',b'jermlikespie',[],6704
2021-09-24 23:47:41,"b'@bigjimmurray He\xc5\x9b GONE! What \xc5\x9b the over/under on days before he \xc5\x9b traded? The cheer from Boston fans when they kick him to the curb, will show up on the Richter scale. \xf0\x9f\x98\x82'",b'fardy_f',[],6
2021-09-24 23:47:39,b'#Boston After Dark #5K -&gt; Check out my run on Strava. https://t.co/EVOOW45HUe https://t.co/Safn73tfYu',b'emeth007',"['Boston', '5K']",533
2021-09-24 23:47:34,b'@YankeesNerds He will be in Boston',b'AE47_',[],116
2021-09-24 23:47:28,"b""@JoeyDidIt @DianaCialino @Ojeda4America @riledirish You're arguing with yourself.  I've been to Massachusetts.  Lovely place.  Boston is a great town (if you stay out of the parts where they suck cock for opiates).  Vast portions of California are great as well.  Not sure what has you so riled up Joey.  Are you OK?""",b'WalterBithell',[],333
2021-09-24 23:47:25,b'Cheering for Boston now and the Dodgers in a week or so is gonna test me...',b'dimtunkietunkel',[],61
2021-09-24 23:47:15,b'The Night Before Nirvana Changed Forever https://t.co/Tb0BpVW6mX via @ringer',b'msinilo',[],1595
2021-09-24 23:47:13,b'@JohnBechard Why the yellow? Mean something in Boston?',b'zeke6206',[],487
2021-09-24 23:47:12,"b""@AngNyyankeegirl It's for the Boston marathon. I thought it was for pediatric cancer but with the patches on the side it didn't look right""",b'CoreKittyBayBay',[],197
2021-09-24 23:47:09,b'I wonder what the fans in Boston think when Verdugo walks up to the plate playing Chente',b'WhatsUpDigg',[],99
2021-09-24 23:47:09,b'Damn them Boston jerseys ugly af \xf0\x9f\x98\x82',b'PixburghPhill',[],715
2021-09-24 23:47:07,"b""@boston_sp0rts20 @SaddenedJagsFan @spookyheifer @NYYJMM @TMZ Again, Brady isn't bad. Most QBs couldn't pull a victory out of that situation. However when you go back and examine 28-3 you'll see that the Patriots defense was more responsible for the comeback than the offense, nevermind the Atlanta defense committing tons of penalties.""",b'IllCaesarer',[],319
2021-09-24 23:47:00,"b""@ee_mette @JustinOnwenu Perhaps ironically, in the context of this thread, is that instead of U of M, I \xe2\x80\xa6 went to school in Boston. But it was Boston University, so I mean, that's at least accurate?""",b'gabbklein',[],543
2021-09-24 23:46:57,"b'@Chalkeater11 @FlyerTom23 This is true, Boston Strong!'",b'tonycbadabing',[],971
2021-09-24 23:46:56,b'@AmandaMassare @stbcbeer @KevinMassare Can someone please turn down the Boston uniforms?!?!',b'vchiesibrown',[],1464
2021-09-24 23:46:55,b'The Boston Red Sox yellow jerseys are atrocious \xf0\x9f\xa4\xa2\xf0\x9f\xa4\xa2',b'carleyamox09',[],298
2021-09-24 23:46:54,b'Boston Celtics point guard and former FM Marcus great Marcus Smart in the house as he\xe2\x80\x99s inducted into the Marcus Hall of Fame tonight. https://t.co/uGpOZeXCUb',b'NickHarris247',[],9559
2021-09-24 23:46:52,b'Those yellow Boston jerseys are horrific why do they keep wearing them',b'DotsByHerbert',[],912
2021-09-24 23:46:47,"b""Alright since every other tweet is asking what the deal is with the Sox uniforms, have care how you speak because there is meaning behind them. Believe they're for the Boston bombings.""",b'mikescudiero',[],4271
2021-09-24 23:46:35,"b'Roxbury Apartment for rent 4 Bedrooms 1.5 Baths Boston - $2,400: This nice 4 Bed 1.5 Bath place in the BOSTON - ROXBURY area is available for 11-01-2021. Included Features are: Laundry in\xe2\x80\xa6 https://t.co/66g70HkGG1 #bostonapartments #bostonrentals #apartmentsforrentinboston https://t.co/Su5AXRa1QY'",b'ApartmentBoston',"['bostonapartments', 'bostonrentals', 'apartmentsforrentinboston']",2179
2021-09-24 23:46:32,"b'Harvard Field Hockey Score - Final: @HarvardFH 4, Columbia 1. Harvard goals: Hannah Pearce x2, Kiley Allen, Rachael Greenwood. #harvardfh #bostonathletes #boston #gocrimson #harvard #bostonsports #fieldhockey #collegefieldhockey #onecrimson #bostonathletemagazine https://t.co/qhydbW7SgP'",b'bostonathletema',"['harvardfh', 'bostonathletes', 'boston', 'gocrimson', 'harvard', 'bostonsports', 'fieldhockey', 'collegefieldhockey', 'onecrimson', 'bostonathletemagazine']",624
2021-09-24 23:46:31,"b'@CarGuyDad Pretty sure I did tell you that today, but I don\xe2\x80\x99t have a pizza shop in Boston, so \xf0\x9f\xa4\xb7\xf0\x9f\x8f\xbb\xe2\x80\x8d\xe2\x99\x80\xef\xb8\x8f'",b'crazyreesie',[],751
2021-09-24 23:46:29,"b'Good lord, those Boston Red Sox city connect Jerseys are an eyesore. Who thought bright yellow was a good idea for a uniform choice lol?'",b'ryc30078',[],95
2021-09-24 23:46:26,"b'@Hellbeastly Rocky and Oliver, deny, deny, deny. If there\xe2\x80\x99s no video, it never happened. From Bailey, a tricky Boston Terror, I mean Terrier! LOL! \xe2\x9d\xa4\xef\xb8\x8f\xe2\x9d\xa4\xef\xb8\x8f'",b'4840Bobo',[],251
2021-09-24 23:46:18,b'Just wanna cuddle and play the game \xf0\x9f\x98\x8a https://t.co/GweluLQN1k',b'BOSTON_LOVE617',[],1502
2021-09-24 23:46:18,"b'Quite a response by Brady Pendley and the Cats: 53-yd TD Pass to Journey Boston, and @DHSCatsFootball lead 7-6 with 7:50 left in the 1st Q.'",b'randerson_ryan',[],339
2021-09-24 23:46:16,b'need the yankees to win tonight just because i have a hatred for every boston team',b'UnitTenTen',[],21
2021-09-24 23:46:09,"b'A lot of people are acting like they\xe2\x80\x99re too cool for school, but I will watch anything Boston Rob does, be it Survivor, Amazing Race, poker, riding in hot air balloons, renovating homes, sleeping, whatever'",b'EricLaValle',[],1003
2021-09-24 23:46:06,b'Boston has a dirty red also',b'Jamesyankee',[],2107
2021-09-24 23:46:05,"b'71 Call Street, Boston https://t.co/fVnNXqKKgP'",b'everylotboston',[],1559
2021-09-24 23:46:01,b'Bill Shields Retires After 41 Years At WBZ - CBS Boston https://t.co/oKEVsVIf7y',b'MA_News_Videos',[],31
2021-09-24 23:45:54,b'Boston Red Sox suck Boston Red Sox Boston Red Sox suck Boston Red Sox suck Boston Red Sox suck Boston Red Sox suck Boston Red Sox suck big moose cock',b'Alex54712866',[],1
2021-09-24 23:45:43,b'Is Boston yellow?',b'Very_NESSAsary',[],1746
2021-09-24 23:45:42,"b'@SWINTERSMITH @andreaforboston showed courage and shared her vision for an equitable Boston. She\xe2\x80\x99s thrown down the gauntlet for change and is challenging the finalists to commit to fixing the problems of homelessness and lack of affordable housing, police reform and quality education. Let\xe2\x80\x99s go'",b'DonnaGittens',[],560
2021-09-24 23:45:35,b'loved him on boston i hope he prospers https://t.co/T9MWNuilmQ',b'arash_n7',[],1329
2021-09-24 23:45:33,b'HOCO Night in New Boston! Let\xe2\x80\x99s go @HuronChiefsFB! https://t.co/F2D6BCVsin',b'therealrshoyt',[],3
2021-09-24 23:45:33,"b'Honestly, I feel like everyone including Red Sox fans should be rooting for the Yankees to win so overwhelmingly tonight that Boston never wears these terrible uniforms ever again.'",b'asrivkin',[],6053
2021-09-24 23:45:33,b'why is boston dressed up like the ucla bruins?',b'orgnl7',[],104
2021-09-24 23:45:31,b'@DEIVIGARClA I could be wrong but I believe the color scheme is a tribute to the Boston marathon',b'ChrisLehmann_',[],51
2021-09-24 23:45:21,"b""@BlackKrystel Ya.  It's not even a question. NYC Pizza is #1. And I'm from Boston.   No body wants Chi Soup.""",b'FAT_DAN23',[],33
2021-09-24 23:45:10,b'The yankee/ Boston game reminds me of World Series games back in the early sixties. Just the tension!',b'retiredtennis',[],125
2021-09-24 23:45:06,b'yankees boutta smack boston \xf0\x9f\x98\x82',b'inkushwetrust',[],1227
2021-09-24 23:44:57,"b'@stefffffanos Team Europe 2-0. Soon the 3rd match will start. Stef cheerleader. Supporting Ruud so much. Federer has come to Boston, to make a surprise, especially to Stef, who texted him asking to come to Boston as he missed Roger'",b'Barbara34979737',[],39
2021-09-24 23:44:52,b'Why are the Boston Red Soxs wear yellow @geoff_green',b'PennyRich',[],1636
2021-09-24 23:44:43,b'Boston https://t.co/oawo8gJWbM',b'CooIGuyIan',[],578
2021-09-24 23:44:43,b'@nathaliejacoby1 Boston',b'kmliebe1',[],85
2021-09-24 23:44:40,b'The jerseys are meant to honor the victims of the Boston marathon bombing but okay https://t.co/BLSRqjBgX8',b'Studnickaszn01',[],628
2021-09-24 23:44:33,"b'Ladder 17 a Lockout. 231 Berkeley Street, Boston. Nearest Box 1539 BERKELEY &amp; NEWBURY STS. 19:44'",b'BostonFireAlert',[],4693
2021-09-24 23:44:31,b'Boston Red Sox City Connect jerseys are \xf0\x9f\x94\xa5',b'Frakeeey',[],130
2021-09-24 23:44:30,b'Smoked my first Boston Butt! \xf0\x9f\x90\x96 Huge thanks to @ChrisCoggins3 for all the tips! https://t.co/xKdNrS4zWq',b'M_Lopez26',[],466
2021-09-24 23:44:18,b'STORIES OF THE WEEK \xf0\x9f\x93\xba2 shootings this week involving teens &amp; gangs. Hear from @chieframsay &amp; faith leaders on what needs to be done to stop this\xe2\x9e\xa1\xef\xb8\x8fhttps://t.co/eJmyIeCzrs  \xe2\x9e\xa1\xef\xb8\x8fhttps://t.co/zfdpvIX8Dy \xe2\x9e\xa1\xef\xb8\x8fhttps://t.co/gBxjkAhWOW \xe2\x9e\xa1\xef\xb8\x8fhttps://t.co/nM1OmtRLAX \xe2\x9e\xa1\xef\xb8\x8fhttps://t.co/DdElqJtCqQ',b'KWCHLily',[],9519
